Timestamp,D4:22:CD:00:05:5D_EulerX,D4:22:CD:00:05:5D_EulerY,D4:22:CD:00:05:5D_EulerZ,D4:22:CD:00:05:5D_FreeAccX,D4:22:CD:00:05:5D_FreeAccY,D4:22:CD:00:05:5D_FreeAccZ,D4:22:CD:00:05:5E_EulerX,D4:22:CD:00:05:5E_EulerY,D4:22:CD:00:05:5E_EulerZ,D4:22:CD:00:05:5E_FreeAccX,D4:22:CD:00:05:5E_FreeAccY,D4:22:CD:00:05:5E_FreeAccZ,D4:22:CD:00:05:6B_EulerX,D4:22:CD:00:05:6B_EulerY,D4:22:CD:00:05:6B_EulerZ,D4:22:CD:00:05:6B_FreeAccX,D4:22:CD:00:05:6B_FreeAccY,D4:22:CD:00:05:6B_FreeAccZ,D4:22:CD:00:05:6E_EulerX,D4:22:CD:00:05:6E_EulerY,D4:22:CD:00:05:6E_EulerZ,D4:22:CD:00:05:6E_FreeAccX,D4:22:CD:00:05:6E_FreeAccY,D4:22:CD:00:05:6E_FreeAccZ,D4:22:CD:00:49:AA_EulerX,D4:22:CD:00:49:AA_EulerY,D4:22:CD:00:49:AA_EulerZ,D4:22:CD:00:49:AA_FreeAccX,D4:22:CD:00:49:AA_FreeAccY,D4:22:CD:00:49:AA_FreeAccZ
1170.951489686966,-176.9496612548828,-51.29774856567383,-108.82017517089844,2.431926250457764,-1.480517864227295,-0.1797761917114257,152.1418914794922,-65.93855285644531,-34.91089630126953,1.220820426940918,1.5759971141815186,1.110006332397461,-0.8809273838996887,-21.82414436340332,44.98117065429688,-0.6021137237548828,12.490274429321287,15.739971160888672,-39.96767425537109,23.993873596191406,-79.93012237548828,-3.3193936347961426,-9.109088897705078,12.651580810546877,151.21327209472656,-81.11463165283203,153.205078125,0.9750014543533324,3.588860511779785,2.1596736907958984
1170.9550244808197,-175.8569793701172,-50.52265548706055,-107.360107421875,-1.3917441368103027,-6.894840240478516,-6.115067481994629,151.10166931152344,-65.28907012939453,-32.94256591796875,-3.143271446228028,-0.2384210526943206,0.3802690505981445,15.735408782958984,-16.39873504638672,22.426532745361328,11.084814071655272,9.39419174194336,13.137762069702148,-30.146595001220703,28.271093368530277,-64.82200622558594,-1.3647727966308594,-21.27789688110352,6.078887939453125,146.30303955078125,-80.7989730834961,159.0189971923828,-0.1187926679849624,3.1083755493164062,-2.2592811584472656
1170.9580206871033,-174.08216857910156,-53.42902374267578,-105.69708251953124,-3.081599235534668,-5.141653060913086,-6.675143241882324,151.55165100097656,-64.95529174804688,-34.07058334350586,-2.692753791809082,-0.2502025961875915,0.8565664291381836,26.67612838745117,-4.89591646194458,0.5509955883026123,26.20180892944336,1.2095069885253906,5.067617416381836,-15.991532325744627,31.441452026367188,-44.340797424316406,12.747917175292969,-16.423030853271484,-6.383030891418457,145.8193817138672,-80.02350616455078,160.60971069335938,-2.189107894897461,1.782228708267212,-2.4805593490600586
1171.0370125770569,79.532958984375,-88.3699722290039,-24.209562301635746,-0.477429449558258,-2.6353559494018555,0.1192445755004882,-3.97833251953125,-67.3604736328125,23.697416305541992,3.976424217224121,1.6841492652893066,-4.158273696899414,55.65137481689453,-21.508203506469727,46.9412727355957,12.568370819091797,1.2740120887756348,7.50787353515625,-69.78629302978516,13.269232749938965,-166.32595825195312,-6.029372215270996,-1.4267992973327637,4.552411079406738,75.58483123779297,-76.00540924072266,-136.64407348632812,-2.9773406982421875,0.8086332082748413,2.0166826248168945
1171.0665719509125,11.49623680114746,-86.69429779052734,46.03929138183594,0.3488859534263611,-0.0628047287464141,-4.859030723571777,-6.922968864440918,-74.40870666503906,26.75947570800781,4.947338104248047,6.381172180175781,-1.7876291275024414,52.68564224243164,-25.4068603515625,40.02494812011719,6.666651725769043,4.22291374206543,7.816333770751953,-70.79584503173828,18.783567428588867,-151.90501403808594,-12.395492553710938,-5.303033828735352,3.850579261779785,57.62177658081055,-77.06169128417969,-119.47978973388672,-2.231844425201416,0.5191978216171265,2.325611114501953
1171.0965728759766,18.44527816772461,-84.25349426269531,42.35243988037109,-3.7551331520080566,-7.254093170166016,-2.4153599739074707,-6.153785705566406,-79.65959930419922,26.08753204345703,4.484890937805176,5.1655120849609375,-1.4975433349609375,56.3738899230957,-22.995264053344727,27.36910820007324,13.673707962036133,5.11044979095459,8.16617202758789,-67.40181732177734,21.191577911376957,-135.9582977294922,-13.414663314819336,-13.156349182128906,-3.394592761993408,35.63096237182617,-76.5130844116211,-97.7279281616211,0.9363585710525512,0.0363713651895523,0.5202865600585938
1171.126571893692,15.698326110839844,-74.09268951416016,47.8525390625,-3.907382011413574,-0.4068264365196228,-3.442394733428955,-2.1455249786376958,-83.45189666748047,20.848806381225582,4.589612007141113,3.366621971130371,-0.5213336944580078,60.49879837036133,-18.52750396728516,14.83039665222168,22.199726104736328,0.7322568893432617,4.428563117980957,-66.68370819091797,22.200618743896484,-119.83831787109376,-9.193832397460938,-18.975940704345703,-6.546487808227539,34.82650375366211,-75.57249450683594,-96.65695190429688,1.3282487392425537,0.6844505071640015,-1.827453136444092
1171.1561119556427,15.25755500793457,-62.42230987548828,47.69516372680664,0.7722008228302002,3.478631019592285,-1.6980361938476562,10.72849941253662,-85.67772674560547,7.682240962982178,3.5033187866210938,2.740719795227051,-0.7987041473388672,63.90570831298828,-14.262617111206056,5.069220542907715,21.173480987548828,-0.5986757278442383,3.4893712997436523,-67.73841857910156,23.486417770385746,-105.1294403076172,-5.966326713562012,-19.570293426513672,-4.794325828552246,37.85691452026367,-74.99862670898438,-100.00806427001952,0.373429536819458,0.5768587589263916,-2.404280185699463
1171.186210155487,14.792387008666992,-52.12057495117188,47.88066864013672,5.508292198181152,6.426174163818359,-0.3607282638549804,31.87320709228516,-86.74484252929688,-13.655557632446287,2.432107448577881,3.2536678314208984,-0.8151407241821289,62.00428009033203,-11.109818458557127,-1.918234705924988,15.846181869506836,1.199059009552002,0.4257049560546875,-63.71772766113281,25.471948623657227,-92.06881713867188,-0.3878995776176452,-19.159564971923828,-6.650076866149902,40.60686874389648,-75.13236236572266,-103.14230346679688,0.4094851016998291,0.9172338247299194,-2.4915690422058105
1171.216307401657,15.726517677307127,-44.43691253662109,48.43315505981445,9.364625930786133,10.843067169189451,-3.452810287475586,58.91487503051758,-87.11378479003906,-41.255462646484375,1.9252068996429443,1.884098052978516,-0.7712783813476562,52.515113830566406,-8.963713645935059,-7.755300998687744,11.741838455200195,2.201949119567871,-5.703900337219238,-53.006309509277344,27.88252830505371,-79.74031829833984,2.5873022079467773,-16.448894500732422,-11.373779296875,43.18249130249024,-75.76895141601562,-106.01856994628906,1.2632992267608645,-0.2768040895462036,-3.2209696769714355
1171.2464752197266,17.376937866210938,-41.004173278808594,49.34285736083984,9.482765197753906,9.34824562072754,-9.490163803100586,90.94600677490234,-86.79582214355469,-73.06962585449219,0.9379571676254272,1.4634759426116943,-1.165203094482422,40.49925994873047,-6.865912437438965,-13.805299758911133,10.762187957763672,-6.973590850830078,-11.65289306640625,-37.76721954345703,29.929828643798828,-66.76626586914062,6.415699005126953,-12.164377212524414,-16.48749542236328,45.75895690917969,-76.70374298095703,-108.95513153076172,1.051607608795166,-1.3424577713012695,-4.829734802246094
1171.3061027526855,19.35174560546875,-41.38095474243164,50.76996612548828,8.696630477905273,7.792819023132324,-12.916898727416992,128.21339416503906,-85.41807556152344,-109.97220611572266,-1.7481107711791992,2.557671546936035,-1.906949520111084,32.7928352355957,-3.627009868621826,-20.725095748901367,8.720186233520508,-9.142932891845703,-10.18120574951172,-20.582542419433597,30.410642623901367,-52.781097412109375,9.621173858642578,-8.879703521728516,-17.490196228027344,52.09867477416992,-78.07609558105469,-115.2085189819336,-0.3187642097473144,-3.4048914909362797,-7.156195640563965
1171.3370954990387,21.685205459594727,-46.34807968139648,51.892311096191406,13.392723083496094,16.09305191040039,-22.57832717895508,155.15548706054688,-81.79164123535156,-136.85662841796875,-0.7941093444824219,0.6344320774078369,-0.4857339859008789,29.30213737487793,0.4160706698894501,-29.0341739654541,6.922863006591797,-10.83839225769043,-11.858293533325195,-4.172445774078369,28.76403045654297,-39.12678527832031,12.408077239990234,-3.4589014053344727,-16.79226303100586,66.45367431640625,-79.6068344116211,-128.49642944335938,-0.3381536602973938,-3.205885410308838,-6.741080284118652
1171.3666565418243,20.83975982666016,-56.18678283691406,51.32782745361328,5.942262649536133,-4.66533088684082,7.374818801879883,170.90753173828125,-75.3003921508789,-151.77023315429688,-2.153003215789795,0.5094778537750244,3.5971479415893555,29.124835968017575,4.819424152374268,-38.76305770874024,3.865907669067383,-13.14951515197754,-13.007991790771484,6.980177879333496,25.534177780151367,-26.946996688842773,14.200323104858398,2.533760070800781,-11.886970520019531,86.04345703125,-80.59236907958984,-148.14988708496094,3.3182621002197266,-4.467546463012695,-1.7357473373413086
1171.3966555595398,23.62453842163086,-63.83671188354492,50.34957885742188,6.382559776306152,3.0424437522888184,3.1584529876708984,177.0634765625,-67.29300689697266,-157.92465209960938,0.7030644416809082,1.053992748260498,5.529624938964844,30.54229736328125,9.593729972839355,-49.01494598388672,-1.2858281135559082,-15.626039505004885,-14.892488479614258,11.41861629486084,22.10737609863281,-17.775930404663086,13.895965576171877,11.814889907836914,-3.995162487030029,99.30772399902344,-80.85018157958984,-161.5620880126953,1.3536841869354248,-7.846570014953613,5.075484275817871
1171.4266550540924,26.52707862854004,-70.5330581665039,48.04132461547852,0.7220286130905151,5.752124786376953,5.554935455322266,179.26622009277344,-59.80925750732422,-160.05418395996094,4.559059143066406,2.6910877227783203,-3.0875377655029297,28.545711517333984,13.278639793395996,-57.02260971069336,-14.98482894897461,-15.866781234741213,-18.107696533203125,11.719661712646484,20.266759872436523,-12.392727851867676,12.373619079589844,18.214717864990234,6.034151077270508,108.7147979736328,-80.37921142578125,-169.97894287109375,-1.6211013793945312,-9.903993606567385,10.062597274780272
1171.4562072753906,31.470705032348636,-75.51569366455078,43.81719207763672,4.676469802856445,5.734843254089356,-0.9887027740478516,179.28460693359375,-54.04237747192383,-159.55514526367188,6.822603225708008,3.189300060272217,-4.574264526367188,22.87970352172852,13.172943115234377,-58.72066116333008,-34.9532470703125,-19.952342987060547,-16.376426696777344,17.055381774902344,21.62793731689453,-10.675427436828612,7.675250053405762,21.96480178833008,14.791999816894531,109.96192169189452,-80.27862548828125,-170.94696044921875,-0.3190124034881592,-9.068315505981444,10.316839218139648
1171.4871983528135,36.21434783935547,-77.9958267211914,39.69774627685547,2.050099372863769,6.659215927124023,1.2455711364746094,179.1402587890625,-50.17878341674805,-158.9315643310547,4.37122917175293,4.523144721984863,-1.295022964477539,20.461143493652344,11.967561721801758,-57.32878494262695,-35.164573669433594,-16.66342544555664,-14.304758071899414,22.068775177001957,23.96333885192871,-13.530978202819824,10.18934440612793,26.28069305419922,12.614950180053713,109.71279907226562,-80.5514907836914,-171.04644775390625,2.9085240364074707,-7.4814300537109375,7.581752777099609
1171.516206741333,36.23150253295898,-78.02279663085938,39.805423736572266,1.1865053176879885,6.286215782165527,2.3621063232421875,179.06822204589844,-48.4527587890625,-158.62205505371094,3.340155601501465,2.8977322578430176,1.5770959854125977,22.96755599975586,8.532694816589355,-52.43996047973633,-22.537254333496094,-21.49985122680664,-12.185632705688477,19.3343563079834,25.610692977905277,-20.941110610961918,13.408525466918944,12.76436996459961,6.589166641235352,108.5658721923828,-80.78250122070312,-171.4053192138672,2.20216703414917,-5.01406192779541,5.010047912597656
1171.5472130775452,30.617481231689453,-75.77680969238281,45.11279296875,0.1928112208843231,4.191765785217285,4.378479957580566,178.9428253173828,-49.03529357910156,-158.96092224121094,5.512783050537109,2.44237756729126,-0.5668125152587891,27.995500564575195,2.65483021736145,-45.94156646728516,-8.547067642211914,-21.04546356201172,-10.347126007080078,12.025110244750977,26.27660179138184,-31.43546867370605,14.691390991210938,7.343498229980469,0.5698871612548828,103.87705993652344,-81.58543395996094,-170.15597534179688,0.3921297788619995,-2.011104106903076,0.2888412475585937
1171.6067459583282,22.58147621154785,-70.13507843017578,53.44832611083984,-2.101083755493164,4.714465141296387,4.870835304260254,178.35256958007812,-51.81966781616211,-159.06068420410156,5.761975288391113,2.722958564758301,-3.448339939117432,32.37826919555664,-4.653372764587402,-38.46942901611328,-0.0462665557861328,-17.210853576660156,-8.66925048828125,-0.9638984203338624,24.972801208496094,-43.810882568359375,14.490289688110352,0.0338472351431846,-6.323980331420898,103.94751739501952,-82.19921112060547,-171.31332397460938,-1.111732006072998,0.3770046234130859,-3.4177846908569336
1171.636838912964,19.25849723815918,-66.2719497680664,52.711875915527344,3.2215538024902344,13.889413833618164,-3.2672252655029297,176.73483276367188,-56.55533218383789,-157.33584594726562,4.658148765563965,1.0594203472137451,-3.130232334136963,34.77075958251953,-13.442618370056152,-30.054168701171875,5.268820762634277,-13.523290634155272,-6.057144165039063,-16.506004333496094,21.044872283935547,-57.033180236816406,11.040733337402344,-6.543595314025879,-10.47764015197754,110.89675903320312,-82.02523803710938,-178.2970428466797,-2.5135154724121094,1.0278406143188477,-3.800529956817627
1171.6663954257965,17.093982696533203,-66.50636291503906,51.0551986694336,26.34924697875977,12.977781295776367,-14.44724464416504,173.15737915039062,-62.594764709472656,-153.8030548095703,0.7219955921173096,1.5649468898773191,1.6525554656982422,34.477596282958984,-23.894502639770508,-19.75914192199707,9.182130813598633,-10.39385986328125,-2.973715305328369,-30.84881591796875,13.894596099853516,-70.14398193359375,7.567741394042969,-11.977787017822266,-11.166912078857422,121.45543670654295,-81.77099609375,171.8918914794922,-1.675950288772583,-0.3682079911231994,-2.916178703308105
1171.696394443512,18.71307945251465,-71.6163330078125,49.05002212524414,11.73801040649414,8.487981796264648,-4.038101196289063,167.6236114501953,-68.70808410644531,-149.02688598632812,-2.4764413833618164,1.1985375881195068,6.459833145141602,31.210084915161133,-35.8984260559082,-6.332345485687256,12.20424461364746,-6.641751289367676,-1.0465097427368164,-42.477684020996094,4.010878562927246,-82.59530639648438,4.4079437255859375,-16.043338775634766,-8.563629150390625,130.5825653076172,-81.31234741210938,164.47210693359375,1.923340082168579,1.3195066452026367,-2.0107526779174805
1171.7263956069946,20.094751358032227,-79.2533950805664,45.43295669555664,6.158919334411621,2.5543346405029297,-2.9814982414245605,160.95989990234375,-73.3842544555664,-143.70603942871094,0.2118294835090637,-0.043248526751995,1.3781824111938477,24.002233505249023,-48.17361068725586,12.826546669006348,13.993452072143556,-0.958026885986328,4.0014753341674805,-50.21348190307617,-7.161899089813232,-94.90811920166016,0.402191162109375,-15.966625213623049,-5.060159683227539,135.6238555908203,-80.4891128540039,160.47007751464844,1.9817042350769043,3.650084972381592,-4.288975715637207
1171.756937265396,30.249265670776367,-87.01155090332031,32.598724365234375,2.469940185546875,-1.19592022895813,-3.076358795166016,150.264404296875,-77.36228942871094,-133.809326171875,0.8875164985656738,1.8238461017608645,-2.0079240798950195,4.364797115325928,-57.59777069091797,42.80704879760742,9.055707931518556,6.332186698913574,5.076595306396484,-51.86214447021485,-18.59385871887207,-107.98853302001952,-4.196643829345703,-11.621889114379885,-1.4835319519042969,139.38079833984375,-79.69377899169922,156.37820434570312,0.386346161365509,1.7762036323547363,-4.522463798522949
1171.7869369983673,-178.7801971435547,-85.80036163330078,-120.84440612792967,0.6626195907592773,-3.85269832611084,-4.006953239440918,134.84864807128906,-80.36259460449219,-118.8289566040039,0.425129234790802,0.0228937044739723,-0.2214488983154297,-28.523889541625977,-58.7542724609375,82.63689422607422,3.674764633178711,7.317584991455078,5.328754425048828,-45.56430435180664,-29.09692001342773,-123.05042266845705,-5.715862274169922,-7.422550201416016,-0.5900402069091797,142.81813049316406,-79.33792114257812,152.8571014404297,-0.0355501770973205,0.5049415826797485,-2.0966100692749023
1171.8169403076172,-171.6114044189453,-80.78221893310547,-128.8605499267578,-0.4072504043579101,-6.062042236328125,-4.4868011474609375,115.19208526611328,-81.69347381591797,-98.66282653808594,-0.1332534849643707,1.3774538040161133,-1.1423730850219729,-54.34087371826172,-50.09275817871094,114.53887176513672,-2.9636893272399902,8.33322525024414,3.896402359008789,-33.53746032714844,-36.68364715576172,-141.311279296875,-6.512853622436523,-3.696725368499756,0.5960006713867188,148.31793212890625,-79.45924377441406,147.7600860595703,0.5194993019104004,0.7851085662841797,-0.2309846878051757
1171.8461740016935,-166.54322814941406,-77.9912109375,-133.94761657714844,-6.451529502868652,-10.265254974365234,-1.7828645706176758,96.43165588378906,-81.83831787109375,-80.35759735107422,-0.7615984678268433,0.5894826650619507,-0.936880111694336,-65.38523864746094,-36.26351547241211,133.16082763671875,-11.044641494750977,5.960085868835449,3.541645050048828,-19.233776092529297,-39.30962371826172,-162.12054443359375,-6.549132347106934,-0.8875002861022949,1.455678939819336,157.6295623779297,-79.88057708740234,139.0226287841797,0.1666988730430603,-0.7559194564819336,0.5628633499145508
1171.906707763672,-166.3375244140625,-77.70927429199219,-138.14903259277344,-12.261896133422852,-11.684757232666016,7.455507278442383,85.99638366699219,-81.5507583618164,-69.63139343261719,-1.882683515548706,1.163723707199097,-1.129314422607422,-68.06510925292969,-20.979793548583984,143.902587890625,-17.455142974853516,3.693129539489746,-0.9411458969116212,-11.781373023986816,-35.985984802246094,178.93377685546875,-8.136764526367188,-0.1233900487422943,3.450977325439453,168.3044891357422,-80.37564849853516,128.94337463378906,2.8400678634643555,-1.5903522968292236,3.791654586791992
1171.9367008209229,-160.6558837890625,-79.9704360961914,-146.62034606933594,-8.272571563720703,-9.507730484008787,9.292291641235352,87.24283599853516,-81.39118194580078,-70.7762222290039,-1.5698955059051514,0.2398280501365661,-1.1561431884765625,-64.38976287841797,-7.440305233001709,150.36793518066406,-20.15898895263672,-1.0149307250976562,-5.927447319030762,-16.10576820373535,-28.71980857849121,166.97683715820312,-1.010448694229126,14.062810897827148,1.6970186233520508,173.27516174316406,-81.28932189941406,123.13220977783205,3.139772415161133,-1.8896539211273196,2.321415901184082
1171.9662489891052,-157.744140625,-80.96749114990234,-147.9430694580078,-6.404850959777832,0.9522273540496826,9.10980224609375,96.71998596191406,-81.24002838134766,-80.21708679199219,-0.4863637089729309,1.4444584846496582,-0.2011575698852539,-57.472564697265625,1.298433542251587,153.9776153564453,-22.276939392089844,-9.852813720703123,-15.978361129760742,-21.698226928710938,-21.62511444091797,162.65386962890625,9.941587448120115,18.636741638183597,2.865266799926758,172.5404052734375,-82.59768676757812,121.69017791748048,-2.7519850730896,-3.1097536087036133,-1.3447723388671875
1171.9962494373322,-156.84754943847656,-80.06712341308594,-146.27960205078125,-0.6713268756866455,4.031517028808594,-1.943843364715576,112.99948120117188,-81.06246948242188,-96.5757064819336,-1.2877259254455566,1.0593438148498535,-0.5484857559204102,-58.24188995361328,2.8618950843811035,155.85516357421875,-20.215389251708984,-13.70749855041504,-15.82977294921875,-23.89548110961914,-18.700027465820312,164.1865692138672,7.115805625915527,10.92519760131836,4.331348419189453,162.37094116210938,-84.83976745605469,130.43455505371094,-7.809566497802734,1.0100841522216797,-4.248809814453125
1172.0272421836853,-155.02931213378906,-78.74854278564453,-148.5436248779297,3.159968376159668,-2.511538028717041,1.0639495849609375,139.326171875,-79.70655822753906,-121.41859436035156,-3.872218132019043,-1.794286012649536,0.2995290756225586,-62.95339584350586,-4.696412563323975,156.0529022216797,-15.39143180847168,-8.251270294189453,-11.49130630493164,-25.94528007507324,-21.00915908813477,170.29205322265625,6.537050247192383,13.047195434570312,-2.5736117362976074,147.89527893066406,-85.74205017089844,145.05462646484375,-1.6780240535736084,4.018780708312988,-0.931626319885254
1172.0567886829376,-153.57640075683594,-77.79270935058594,-149.20431518554688,3.038639545440674,-0.599234938621521,0.5525827407836914,157.85096740722656,-76.47927856445312,-138.67800903320312,-2.479852199554444,-0.1771601736545562,8.443920135498047,-63.60452651977539,-19.924468994140625,154.6365509033203,-15.527847290039062,-4.953647613525391,-7.201772689819336,-29.923254013061523,-27.18867492675781,-179.4068145751953,1.173583745956421,13.462657928466797,-0.2039880752563476,143.55804443359375,-85.19808959960938,150.26712036132812,3.327197551727295,1.9579851627349851,6.162064552307129
1172.0868694782257,-152.16531372070312,-77.42162322998047,-148.83958435058594,0.2162856459617614,3.7918343544006343,0.6609745025634766,168.1820831298828,-73.29862976074219,-148.23117065429688,-6.404732704162598,-0.5522575378417969,6.634126663208008,-59.36773300170898,-39.23412704467773,150.55010986328125,-14.590770721435549,0.5025796890258789,-5.112008094787598,-37.25263977050781,-32.30640411376953,-164.17205810546875,-3.2384257316589355,10.691267013549805,5.18168830871582,128.2427978515625,-85.67229461669922,165.5532684326172,-3.4809370040893555,1.5119683742523191,3.0014219284057617
1172.1169412136078,-151.21908569335938,-77.40641784667969,-149.8689727783203,0.8617349863052368,2.877575397491455,0.75079345703125,171.4273223876953,-70.4223861694336,-152.82623291015625,-4.010503768920898,-0.2753501534461975,-0.3179712295532226,-52.91896438598633,-58.855079650878906,141.08921813964844,-14.205886840820312,3.1275219917297363,3.854266166687012,-45.363807678222656,-32.49112319946289,-145.81431579589844,-5.307507514953613,5.72165584564209,7.896640777587891,114.65419006347656,-86.20264434814453,178.30404663085938,-2.174995422363281,1.5800249576568604,-0.6653652191162109
1172.1469559669497,-149.24368286132812,-77.92892456054688,-152.1012725830078,1.906343698501587,1.421231031417847,0.3737173080444336,170.657958984375,-69.5015640258789,-153.97988891601562,-8.341194152832031,-1.385183811187744,-3.925110340118408,-27.035659790039062,-74.19120788574219,109.96636199951172,-5.374472618103027,1.237398386001587,8.495468139648438,-52.05001831054688,-26.83009147644043,-128.3702850341797,-5.464360237121582,-3.900805950164795,5.008070945739746,111.69309997558594,-86.44273376464844,-178.8295135498047,-0.2399436235427856,1.2743995189666748,-1.4363889694213867
1172.20650100708,-147.59471130371094,-78.79376983642578,-154.334228515625,1.2119767665863037,1.0492684841156006,-0.1214027404785156,167.1502227783203,-73.2615966796875,-150.95738220214844,-6.836068153381348,-3.5768747329711914,-4.96476936340332,35.88524627685547,-73.8752212524414,42.163330078125,0.1338945627212524,0.456845760345459,8.463388442993164,-57.02796173095703,-16.808406829833984,-113.76638793945312,-4.705236434936523,-9.63572883605957,2.2204360961914062,109.4568328857422,-86.70603942871094,-176.7672119140625,-1.6222927570343018,2.4952235221862797,-3.549440860748291
1172.2367017269137,-146.19656372070312,-79.39340209960938,-156.21377563476562,0.7789984941482544,0.5850081443786621,-0.4977216720581054,158.1755828857422,-80.05110168457031,-139.41539001464844,-2.4291062355041504,-1.818760633468628,-2.1115427017211914,56.77393341064453,-61.33058547973633,13.985523223876951,4.053159713745117,0.1189644336700439,6.385871887207031,-57.622066497802734,-5.622528553009033,-101.24524688720705,-4.826509475708008,-10.70298194885254,0.6854352951049805,111.11832427978516,-86.76335906982422,-178.95895385742188,-2.0969347953796387,2.9691128730773926,-3.4846410751342773
1172.2664160728457,-146.56422424316406,-79.36851501464844,-156.48980712890625,0.5977907180786133,0.1734381020069122,-0.5931892395019531,102.96795654296876,-85.35527038574219,-81.81007385253906,2.1195502281188965,1.460651159286499,0.6621875762939453,55.04874038696289,-48.03157806396485,1.5246055126190186,7.54963493347168,2.0479660034179688,1.6683807373046875,-49.515357971191406,2.8406472206115723,-88.56571960449219,-2.7768802642822266,-9.23453140258789,-8.317218780517578,117.27156066894533,-86.3095474243164,174.68228149414062,-1.7183494567871094,1.155351161956787,-2.478297710418701
1172.296415567398,-149.8590850830078,-78.27546691894531,-153.8131866455078,-0.1900517046451568,-0.2904185056686401,-0.982940673828125,41.23481369018555,-81.40504455566406,-21.06999015808105,6.40726375579834,3.851340770721436,-0.4718875885009765,43.78974533081055,-35.86410140991211,-8.939234733581543,12.240909576416016,-2.8768930435180664,-3.76852035522461,-42.26058197021485,7.195679664611816,-74.11083221435547,7.713010787963867,-9.762346267700195,-10.295537948608398,122.85533905029295,-85.53936767578125,168.79664611816406,-1.331629514694214,-0.7677724361419678,-3.3027915954589844
1172.3264157772064,-155.9886932373047,-75.49769592285156,-148.36151123046875,0.1117455214262008,-1.2160038948059082,-0.8052244186401367,25.947959899902344,-77.27149963378906,-9.73861598968506,11.811386108398438,3.2769479751586914,-2.765381336212158,29.57434463500977,-24.554075241088867,-18.95213890075684,12.692350387573242,-9.541410446166992,-7.002419471740723,-43.535194396972656,9.883726119995115,-59.84688949584961,10.158607482910156,-6.279628753662109,-7.234611511230469,127.87753295898438,-84.75252532958984,162.89889526367188,-0.0091830287128686,-2.03366756439209,-4.035669326782227
1172.3569543361664,-163.21856689453125,-70.62519073486328,-142.7228240966797,-1.4840312004089355,-1.969268798828125,1.8383331298828125,20.740821838378903,-76.64369201660156,-7.554103851318359,13.268482208251951,5.219481468200684,-8.61192512512207,15.627641677856444,-14.791419982910156,-27.83652877807617,7.834958076477051,-7.970613479614258,-11.076593399047852,-45.20914459228516,11.874713897705078,-47.5275764465332,4.776053428649902,-4.680547714233398,-5.902515411376953,134.47853088378906,-84.08805084228516,155.84844970703125,-0.7608988285064697,-2.421755790710449,-3.2758026123046875
1172.386952638626,-168.32717895507812,-64.06275939941406,-138.8530731201172,-0.6598244905471802,0.4749938249588012,4.334810256958008,29.08460235595703,-81.20972442626953,-19.11201286315918,11.092451095581056,5.241273880004883,-0.523712158203125,2.217705249786377,-8.043700218200684,-33.733795166015625,1.9077656269073489,-9.025819778442385,-8.609003067016602,-40.12514877319336,14.058043479919434,-36.5765380859375,5.65550708770752,-7.209640502929687,-6.008459091186523,142.34036254882812,-83.57398223876953,148.9322052001953,-1.4478082656860352,-3.179689407348633,-0.0100975036621093
1172.4169528484344,-171.7400665283203,-57.06113052368164,-136.294921875,0.7796858549118042,1.6569325923919678,1.3978328704833984,66.1270751953125,-85.3868408203125,-59.004638671875,-6.018002510070801,0.6763546466827393,7.043928146362305,-3.292721033096313,-2.545118570327759,-38.5088119506836,-3.0498056411743164,-17.73086166381836,-6.256305694580078,-28.620851516723636,15.109736442565918,-27.84589195251465,15.450777053833008,2.2134580612182617,-3.627833843231201,140.90826416015625,-83.71200561523438,151.98208618164062,1.0367836952209473,-0.701866865158081,1.0406427383422852
1172.446967601776,-173.79180908203125,-51.007205963134766,-135.0872802734375,2.441092014312744,-0.2327857613563537,-0.5966262817382812,134.5194854736328,-84.54680633544922,-128.4752655029297,2.7433323860168457,1.885487079620361,-4.814781188964844,7.492420673370361,2.325453042984009,-46.46240234375,-7.986327171325684,-15.735612869262695,-13.799819946289062,-15.530179023742676,15.978636741638184,-23.616641998291016,13.998807907104492,13.138591766357422,5.331214904785156,139.46817016601562,-83.3726806640625,154.74652099609375,3.007798194885254,-3.2947773933410645,8.040376663208008
1172.5065112113953,-174.81553649902344,-46.86529159545898,-134.0674591064453,2.950228214263916,3.500713348388672,-1.6561613082885742,154.9987335205078,-80.59807586669922,-150.37515258789062,1.0003080368041992,-2.841391563415528,5.152279853820801,19.44337654113769,6.6423187255859375,-54.16705703735352,-15.916986465454102,-14.127941131591797,-11.596324920654297,-7.869448661804199,17.396907806396484,-21.711109161376957,13.22792625427246,15.00677490234375,6.10944938659668,129.05374145507812,-83.44683074951172,166.15594482421875,1.9064652919769287,-3.364194869995117,9.630712509155272
1172.536510705948,-174.95925903320312,-45.46151351928711,-132.8595428466797,2.887889862060547,5.939243316650391,-1.4868440628051758,163.05035400390625,-77.23882293701172,-158.03822326660156,2.504537582397461,1.5723764896392822,1.4047212600708008,18.847322463989254,8.163483619689941,-56.045166015625,-25.817218780517575,-15.847723007202148,-12.03707504272461,-3.8092000484466553,19.70707321166992,-22.3433837890625,12.39332389831543,13.91724967956543,9.077451705932615,112.53105926513672,-83.55348205566406,-176.81182861328125,2.752591609954834,-2.328776359558105,7.249929428100586
1172.5670592784882,-175.07614135742188,-46.21208190917969,-132.22691345214844,3.2041783332824707,6.369836807250977,-1.0497360229492188,165.41323852539062,-75.04210662841797,-160.2450714111328,1.2926769256591797,-1.2062060832977295,1.6672000885009766,17.600046157836914,7.940402507781982,-54.58131790161133,-28.804096221923828,-17.57408905029297,-10.75033187866211,-2.0450119972229004,22.44125747680664,-25.55807304382324,14.122491836547852,10.19586944580078,6.578403472900391,103.89583587646484,-83.63240814208984,-168.18899536132812,2.4565815925598145,-2.109769821166992,6.974540710449219
1172.597047805786,-175.3954620361328,-48.44594955444336,-132.43801879882812,2.895102024078369,5.808027267456055,-0.5453729629516602,164.8511505126953,-74.48184967041016,-159.01536560058594,3.933908462524414,0.4104816913604736,1.7373323440551758,24.134639739990234,5.531826496124268,-51.24813461303711,-22.238670349121094,-19.804424285888672,-8.651632308959961,-1.942018747329712,24.880294799804688,-31.307111740112305,11.796443939208984,3.340369701385498,2.510272979736328,103.33822631835938,-83.82848358154297,-167.77415466308594,2.125726222991944,-1.7352871894836426,4.596717834472656
1172.627047777176,-175.8555908203125,-52.22238540649414,-133.428466796875,2.585806369781494,3.637922763824463,-0.857722282409668,162.0360565185547,-75.98280334472656,-155.63299560546875,3.2844181060791016,0.5607684850692749,2.10479736328125,37.00413131713867,1.5987228155136108,-47.137168884277344,-11.628665924072266,-15.693571090698242,-7.89597225189209,-3.4507241249084477,26.932636260986328,-39.259883880615234,9.76034927368164,2.4296178817749023,-1.4528789520263672,111.54540252685548,-84.2092514038086,-176.30111694335938,1.1288783550262451,0.161033034324646,0.8001070022583008
1172.6566038131714,-175.035400390625,-57.2349967956543,-135.6441192626953,2.030572891235352,4.01759147644043,-0.929401397705078,146.63592529296875,-82.29727172851562,-140.86114501953125,-2.1655774116516118,1.5371570587158203,2.0763139724731445,48.2744255065918,-3.5168731212615967,-41.504390716552734,-3.193084239959717,-11.079973220825195,-5.312885284423828,-10.201746940612791,27.618331909179688,-49.186256408691406,8.295272827148438,1.5774004459381104,-5.718188285827637,123.11253356933594,-84.42964935302734,171.55870056152344,-0.020808607339859,2.0263748168945312,-4.072602272033691
1172.6866052150726,-172.57093811035156,-63.28272247314453,-140.06423950195312,0.9138622283935548,2.2440576553344727,0.4365625381469726,102.8577880859375,-86.22550201416016,-97.5444564819336,6.758998870849609,1.6495366096496582,1.625117301940918,53.717262268066406,-11.429402351379396,-33.99512481689453,1.3109164237976074,-11.10402488708496,-5.42376708984375,-21.58428955078125,25.903715133666992,-60.58464431762695,6.382980346679688,-2.919297695159912,-8.02437973022461,136.7068328857422,-84.10485076904297,156.65660095214844,0.6358323097229004,2.3186941146850586,-6.985235214233398
1172.7166047096252,-167.77117919921875,-69.3978042602539,-146.76097106933594,0.217058777809143,-1.5690596103668213,1.646531105041504,33.828887939453125,-84.19019317626953,-27.110536575317383,8.715360641479492,0.635949969291687,1.126617431640625,55.65740966796875,-21.645118713378903,-24.78407859802246,6.824522972106934,-10.756126403808594,-5.052966117858887,-32.97294998168945,21.58208465576172,-72.80117797851562,4.395307540893555,-6.429386138916016,-9.059741973876951,149.71534729003906,-82.77669525146484,142.31825256347656,-0.1948603689670562,0.5958324670791626,-5.578330993652344
1172.7466213703156,-161.8095703125,-74.37809753417969,-154.7292938232422,1.4439902305603027,-3.499701499938965,-0.2635145187377929,19.762550354003903,-79.1555404663086,-10.380841255187988,2.7383251190185547,2.714482307434082,-1.7821311950683594,54.46726608276367,-32.902645111083984,-13.70007610321045,9.930191040039062,-7.126691818237305,-3.3178834915161133,-40.8514518737793,14.771727561950684,-85.02615356445312,3.5003061294555664,-7.657188415527344,-10.596506118774414,157.2200469970703,-81.49781036376953,134.01385498046875,-4.158699989318848,-1.79675030708313,-4.013576507568359
1172.807152748108,-154.31451416015625,-78.37732696533203,-162.7711181640625,2.012570381164551,-1.7619943618774414,-0.8139181137084961,16.848068237304688,-76.43480682373047,-7.798685550689697,12.106456756591797,6.090243339538574,-3.900747299194336,47.81699752807617,-44.6644401550293,0.6827362179756165,11.169782638549805,-3.178374767303467,-1.322906494140625,-46.46143341064453,6.653242111206055,-96.7116241455078,-0.204350858926773,-8.665643692016602,-6.456783294677734,164.39566040039062,-80.62953186035156,127.4849624633789,-5.40779972076416,-1.032879114151001,-1.8927431106567385
1172.836149930954,-140.83180236816406,-81.57438659667969,-175.16131591796875,0.256351888179779,1.0769624710083008,-0.1535921096801757,20.16270446777344,-80.0840072631836,-12.494803428649902,11.061967849731444,3.965011596679688,-6.458932876586914,30.72462654113769,-55.41111755371094,22.72274780273437,8.737346649169922,0.3084876537322998,-0.6017551422119141,-47.14289093017578,-1.807605266571045,-108.68842315673828,-0.0965688973665237,-6.482328414916992,-6.442018508911133,169.56813049316406,-80.42973327636719,124.07825469970705,-2.702195644378662,1.2475855350494385,-1.5979547500610352
1172.8666985034945,-124.9550323486328,-83.32735443115234,169.1663055419922,-0.0700098425149917,-0.6377100944519043,-1.5055532455444336,66.21096801757812,-86.15972900390625,-57.32476043701172,4.5451250076293945,3.30544376373291,0.8775653839111328,-0.9654614329338074,-60.71894073486328,57.20709609985352,6.029816627502441,1.953578233718872,-0.7810344696044922,-43.25835418701172,-9.231160163879396,-121.8358383178711,-2.419665813446045,-5.268446922302246,-3.65109920501709,172.7708740234375,-80.4332275390625,122.25827026367188,0.1945385038852691,1.9649989604949951,-1.715341567993164
1172.8966987133026,-115.52130126953124,-83.91988372802734,161.9120635986328,-0.1908974945545196,2.161205291748047,-2.571645736694336,149.18618774414062,-81.73812866210938,-136.551025390625,-3.1429152488708496,3.006100654602051,2.0256309509277344,-33.12723159790039,-56.284305572509766,93.1799774169922,3.168644428253174,4.071669578552246,-0.962533950805664,-36.38633728027344,-14.738574981689451,-136.77171325683594,-4.070476531982422,-3.356116771697998,-3.1047725677490234,172.34947204589844,-79.93737030029297,123.00038146972656,0.816125750541687,1.5885915756225586,-1.4923324584960938
1172.9266998767853,-125.3946762084961,-83.41685485839844,172.4142303466797,-1.2224833965301514,-1.8583629131317136,-1.4584112167358398,159.43907165527344,-74.36824035644531,-145.3692169189453,-9.13694190979004,1.858837604522705,-2.3158769607543945,-52.49003219604492,-44.886192321777344,117.84320831298828,-1.2390942573547363,4.820075035095215,1.131485939025879,-27.829328536987305,-19.14236640930176,-152.76608276367188,-5.160918235778809,0.167594701051712,-2.26267147064209,168.7156219482422,-79.19957733154297,126.7199935913086,-2.8258848190307617,-0.1191145181655883,1.1671113967895508
1172.956241607666,-138.64132690429688,-81.82302856445312,-173.91497802734375,-0.9285836219787598,-3.8610315322875977,3.411548614501953,157.5733642578125,-70.52778625488281,-145.00057983398438,-15.679105758666992,-7.141944885253906,-8.292207717895508,-57.132137298583984,-31.39334297180176,133.3067626953125,-7.399114608764648,5.0150651931762695,3.740622520446777,-19.49990463256836,-23.60765647888184,-168.5448760986328,-5.787387847900391,1.502357006072998,0.9287614822387696,164.51217651367188,-78.7059326171875,132.2634735107422,-3.9075002670288086,-3.109630584716797,4.708900451660156
1172.9862406253817,-154.29159545898438,-79.17314910888672,-158.02064514160156,-1.2969906330108645,0.3873175382614136,2.701171875,157.311767578125,-70.86978912353516,-141.3465118408203,-18.77140045166016,-7.6481122970581055,0.1648941040039062,-47.125972747802734,-19.654268264770508,143.4953155517578,-17.05173110961914,3.7693629264831534,-0.8858633041381836,-15.210298538208008,-26.7011661529541,177.42576599121094,-3.677762031555176,11.43024444580078,15.293092727661133,165.236083984375,-78.99266052246094,133.71356201171875,0.9485371112823486,-5.379755020141602,2.4428625106811523
1173.0162410736084,-170.43649291992188,-74.92240142822266,-142.595947265625,-4.429542541503906,-0.6838302612304688,8.97319221496582,153.8940887451172,-71.30144500732422,-137.71922302246094,-0.1530071198940277,-1.5356874465942385,16.74106216430664,-34.99869537353516,-10.40632152557373,150.58151245117188,-25.832942962646484,-8.080940246582031,-13.797433853149414,-12.047562599182127,-28.636913299560547,168.90194702148438,8.027442932128906,23.31787109375,11.553627014160156,166.04872131347656,-80.47748565673828,135.02554321289062,5.227292060852051,2.012814521789551,-2.5919508934021
1173.04625415802,179.64730834960938,-68.55064392089844,-133.00318908691406,-10.978286743164062,-6.527159690856934,12.719449996948242,155.2738037109375,-69.32124328613281,-140.80255126953125,0.7103124856948853,0.9788320064544678,-0.5110139846801758,-34.731693267822266,-7.1833176612854,154.3894500732422,-24.959228515625,-18.929107666015625,-20.61661529541016,-10.867147445678713,-31.1321964263916,169.43734741210938,6.0081634521484375,13.5716552734375,5.098869323730469,162.83584594726562,-81.5645980834961,138.11903381347656,3.2247257232666016,9.346948623657228,-5.217594146728516
1173.106780052185,177.2549285888672,-63.15073394775391,-126.2279052734375,-4.380425453186035,-6.80790901184082,-3.1478004455566406,154.87615966796875,-68.03900909423828,-140.73748779296875,1.463834524154663,-1.0802056789398191,0.2034616470336914,-40.99956512451172,-13.503820419311523,153.40757751464844,-17.441184997558594,-9.427064895629885,-10.835830688476562,-17.620811462402344,-34.54104232788086,178.01272583007812,2.970134258270264,9.811944961547852,-0.5444040298461914,167.0087890625,-80.85286712646484,132.7139892578125,-4.199089050292969,4.344424247741699,1.870574951171875
1173.1368579864502,-176.29859924316406,-60.74728775024414,-122.28166961669922,3.387894630432129,1.254866600036621,-0.1675472259521484,154.90057373046875,-67.16726684570312,-139.44979858398438,-0.3781083822250366,-2.425503730773926,0.8857622146606445,-40.01973342895508,-26.06277084350586,147.415283203125,-18.11215209960937,-5.20390510559082,-5.471478462219238,-29.99501609802246,-37.66496658325195,-167.5882568359375,-0.7411829233169556,7.09759521484375,-0.9162521362304688,169.4141082763672,-80.19409942626953,131.15476989746094,-3.0057921409606934,0.980881690979004,7.479930877685547
1173.1664099693298,-172.67709350585938,-62.85748672485352,-118.07748413085938,-0.8597525358200073,-5.78895378112793,-9.05571746826172,154.0411376953125,-66.14454650878906,-138.50965881347656,-0.653812050819397,2.6822080612182617,0.7449026107788086,-32.6541633605957,-41.24934005737305,136.72312927246094,-19.661148071289062,2.213627815246582,-5.017054557800293,-43.966094970703125,-37.97886276245117,-149.35667419433594,-4.316516876220703,5.24067497253418,3.3065195083618164,165.2628173828125,-80.59264373779297,135.71456909179688,2.609905242919922,4.355642318725586,1.9810361862182615
1173.196408033371,-175.03590393066406,-68.9619140625,-112.88423919677734,-3.763533592224121,-0.5733736753463745,-6.873167991638184,153.57827758789062,-65.7809829711914,-138.5077667236328,0.1591313779354095,-0.1010085195302963,0.6345014572143555,-24.527734756469727,-55.4764404296875,120.2211685180664,-14.27596664428711,4.865717887878418,5.894430160522461,-52.28597640991211,-34.48170852661133,-131.33486938476562,-7.205168724060059,-1.606332540512085,5.173989295959473,158.44039916992188,-81.17940521240234,141.83534240722656,0.2472945153713226,4.046276092529297,-2.4174766540527344
1173.2264087200165,172.96002197265625,-76.85366821289062,-103.57469940185548,-1.0623140335083008,-0.4539835453033447,-4.264275550842285,153.43081665039062,-66.01435089111328,-138.18392944335938,0.274379551410675,0.1210757344961166,0.8126239776611328,-3.214552164077759,-65.00355529785156,89.80560302734375,-2.952968120574951,3.2474184036254883,11.30290985107422,-55.27718734741211,-27.97733497619629,-115.84767150878906,-5.662389755249023,-7.52897834777832,2.0436792373657227,154.7001190185547,-80.92221069335938,144.79505920410156,-1.5038037300109863,1.6971039772033691,-3.340706825256348
