Device,EulerX,EulerY,EulerZ,FreeAccX,FreeAccY,FreeAccZ,Timestamp
D4:22:CD:00:05:6E,79.0613021850586,12.96782112121582,-48.6688232421875,4.943187713623047,0.46949803829193115,-9.327892303466797,2267.767538547516
D4:22:CD:00:05:6B,-76.12031555175781,-0.105821892619133,-51.62403869628906,0.09953010082244873,1.1383092403411865,-2.0995965003967285,2267.767538547516
D4:22:CD:00:49:AA,163.93894958496094,-77.90576171875,110.94072723388672,1.9257075786590576,0.2541905641555786,-1.4142770767211914,2267.767538547516
D4:22:CD:00:05:5E,-155.92193603515625,-76.77625274658203,-80.10279083251953,1.359070062637329,0.24917826056480408,0.0983428955078125,2267.767538547516
D4:22:CD:00:05:5D,129.27919006347656,-14.855207443237305,92.42127227783203,-0.94347083568573,2.910348415374756,-9.950777053833008,2267.767538547516
D4:22:CD:00:05:6E,89.58953094482422,13.736379623413086,-47.37874221801758,3.544642925262451,1.1825282573699951,-9.898931503295898,2267.7786099910736
D4:22:CD:00:05:6B,-76.12757873535156,-1.327813744544983,-53.68885803222656,-0.11195611953735352,2.2203497886657715,-2.3674187660217285,2267.7786099910736
D4:22:CD:00:49:AA,164.1988525390625,-77.88140106201172,110.19446563720703,2.1105127334594727,0.26586973667144775,-3.7053427696228027,2267.7786099910736
D4:22:CD:00:05:5E,-146.0218048095703,-79.4655990600586,-88.69293212890625,-0.6287591457366943,1.140019416809082,-2.5833091735839844,2267.7786099910736
D4:22:CD:00:05:5D,122.41020202636719,-18.058671951293945,96.98766326904297,-6.082191467285156,6.708341598510742,-12.798286437988281,2267.7786099910736
D4:22:CD:00:05:6B,-73.60597229003906,-3.230459451675415,-55.69129180908203,-0.6369946002960205,3.4130263328552246,-4.175566673278809,2267.7893397808075
D4:22:CD:00:49:AA,165.137451171875,-78.29224395751953,108.6503677368164,1.3712377548217773,1.0410676002502441,-6.158066749572754,2267.7893397808075
D4:22:CD:00:05:5E,-131.1223602294922,-81.17167663574219,-103.4959487915039,-2.567831516265869,-0.30381399393081665,-4.606138229370117,2267.7893397808075
D4:22:CD:00:05:5D,118.51228332519531,-23.972484588623047,101.4018325805664,-11.955379486083984,11.039024353027344,-8.733585357666016,2267.7893397808075
D4:22:CD:00:05:6E,70.51838684082031,-0.6992425918579102,-11.088475227355957,-0.7224431037902832,-17.575878143310547,-11.081233978271484,2267.7954161167145
D4:22:CD:00:49:AA,165.0963134765625,-78.49934387207031,108.09971618652344,0.6210366487503052,0.44999635219573975,-6.517582893371582,2267.7954161167145
D4:22:CD:00:05:5E,-116.17202758789062,-81.54920196533203,-120.29610443115234,-3.4832043647766113,-1.1583600044250488,-4.698683738708496,2267.7954161167145
D4:22:CD:00:05:5D,120.88396453857422,-28.141925811767578,101.95233917236328,-21.828044891357422,11.82132339477539,8.380111694335938,2267.7954161167145
D4:22:CD:00:05:6E,6.6826019287109375,3.0338423252105713,-13.29990291595459,0.26751071214675903,22.186969757080078,5.4623260498046875,2267.8003973960876
D4:22:CD:00:05:6B,-67.18228149414062,-19.624967575073242,-68.72647094726562,1.2504642009735107,0.8229168653488159,4.657013893127441,2267.8003973960876
D4:22:CD:00:49:AA,-106.88119506835938,-81.82795715332031,58.66465759277344,3.996427059173584,4.922518730163574,2.298274040222168,2267.8003973960876
D4:22:CD:00:05:6E,13.710055351257324,8.79065990447998,-19.048099517822266,3.168747901916504,11.343372344970703,7.734132766723633,2267.835426092148
D4:22:CD:00:05:6B,-64.1754150390625,-20.5798282623291,-69.98295593261719,-0.7480409145355225,0.9504972696304321,2.788330078125,2267.835426092148
D4:22:CD:00:49:AA,-94.17951965332031,-84.74976348876953,46.59151840209961,5.09599494934082,3.4929051399230957,2.771029472351074,2267.835426092148
D4:22:CD:00:05:5E,-163.2359161376953,-58.689109802246094,-72.43305206298828,-0.11085973680019379,-1.4955992698669434,1.161677360534668,2267.835426092148
D4:22:CD:00:05:5D,147.23374938964844,-36.76274871826172,-100.11162567138672,-0.12717217206954956,-4.236761093139648,5.074331283569336,2267.835426092148
D4:22:CD:00:05:6E,15.491416931152344,14.304766654968262,-23.675689697265625,3.1005892753601074,3.981492519378662,-1.0644493103027344,2267.8654260635376
D4:22:CD:00:05:6B,-64.57735443115234,-20.815107345581055,-71.58224487304688,-1.9851763248443604,3.016587734222412,0.6632175445556641,2267.8654260635376
D4:22:CD:00:49:AA,-119.70162200927734,-88.36243438720703,71.62667083740234,2.548034191131592,1.7007622718811035,0.9002761840820312,2267.8654260635376
D4:22:CD:00:05:5E,-164.9598388671875,-63.94348907470703,-69.56632995605469,-1.2200758457183838,-0.8678631782531738,0.7680644989013672,2267.8654260635376
D4:22:CD:00:05:5D,146.93040466308594,-36.904197692871094,-97.77033996582031,-2.5972766876220703,-5.437508583068848,1.5836830139160156,2267.8654260635376
D4:22:CD:00:05:6E,15.494890213012695,18.015100479125977,-26.659273147583008,3.4152379035949707,3.2629432678222656,-8.123735427856445,2267.896066427231
D4:22:CD:00:05:6B,-66.82946014404297,-20.05477523803711,-73.1388168334961,-2.3165531158447266,4.050169944763184,-1.3474159240722656,2267.896066427231
D4:22:CD:00:49:AA,135.830810546875,-87.52749633789062,175.10116577148438,2.3794398307800293,1.1897790431976318,-1.9936017990112305,2267.896066427231
D4:22:CD:00:05:5E,-167.9221649169922,-68.72237396240234,-65.98377227783203,-0.24735015630722046,-1.7140390872955322,0.9555425643920898,2267.896066427231
D4:22:CD:00:05:5D,141.8546142578125,-37.14276885986328,-93.22924041748047,-3.151836395263672,-8.330045700073242,-5.060495376586914,2267.896066427231
D4:22:CD:00:05:6E,17.78334617614746,20.653072357177734,-27.47348403930664,3.0503106117248535,-1.3034942150115967,-15.298561096191406,2267.956065416336
D4:22:CD:00:05:6B,-69.958984375,-18.412521362304688,-74.38912200927734,-1.7983002662658691,3.638974189758301,-2.8496012687683105,2267.956065416336
D4:22:CD:00:49:AA,129.35581970214844,-85.04840850830078,179.80776977539062,3.7455363273620605,1.2176690101623535,-3.2230987548828125,2267.956065416336
D4:22:CD:00:05:5E,-169.2156524658203,-73.42417907714844,-64.25971984863281,3.1722917556762695,-2.8244171142578125,2.1004934310913086,2267.956065416336
D4:22:CD:00:05:5D,134.84205627441406,-38.537994384765625,-87.75060272216797,-2.590418815612793,-8.10296630859375,-12.722978591918945,2267.956065416336
D4:22:CD:00:05:6E,26.871742248535156,22.680326461791992,-26.088253021240234,-0.5713868141174316,-5.167057037353516,-20.63216781616211,2267.9856436252594
D4:22:CD:00:05:6B,-73.984130859375,-16.379064559936523,-75.45796966552734,-1.3055024147033691,2.6875791549682617,-5.571525573730469,2267.9856436252594
D4:22:CD:00:49:AA,127.71739196777344,-83.49819946289062,179.5958709716797,4.0156707763671875,-0.9267661571502686,-2.6232829093933105,2267.9856436252594
D4:22:CD:00:05:5E,-163.8066864013672,-77.63995361328125,-69.93340301513672,4.373147010803223,-0.40718215703964233,-0.29769134521484375,2267.9856436252594
D4:22:CD:00:05:5D,125.962158203125,-41.71929931640625,-81.36013793945312,-3.109834671020508,-7.546628952026367,-12.847463607788086,2267.9856436252594
D4:22:CD:00:05:6E,47.31818389892578,22.692584991455078,-23.157997131347656,-6.8733110427856445,-3.2894020080566406,-27.254093170166016,2268.015686750412
D4:22:CD:00:05:6B,-79.26214599609375,-14.218491554260254,-76.38529968261719,-2.1842851638793945,3.012132167816162,-3.350440502166748,2268.015686750412
D4:22:CD:00:49:AA,122.64881896972656,-82.8092269897461,-176.8619384765625,1.1101689338684082,-0.5701183080673218,-4.288456916809082,2268.015686750412
D4:22:CD:00:05:5E,-148.0706787109375,-79.56050109863281,-87.85423278808594,1.7905097007751465,0.2541218400001526,-2.553638458251953,2268.015686750412
D4:22:CD:00:05:5D,113.49844360351562,-47.495845794677734,-72.77356719970703,0.49051880836486816,-9.48001480102539,-11.648273468017578,2268.015686750412
D4:22:CD:00:05:6E,77.89654541015625,20.363140106201172,-18.47430992126465,-0.48667043447494507,8.895198822021484,-25.846527099609375,2268.0452547073364
D4:22:CD:00:05:6B,-83.22032165527344,-12.64067268371582,-76.77648162841797,-1.2715299129486084,2.7147750854492188,-3.4289321899414062,2268.0452547073364
D4:22:CD:00:49:AA,120.63477325439453,-82.91731262207031,-176.44522094726562,1.777745008468628,0.33821237087249756,-5.8306121826171875,2268.0452547073364
D4:22:CD:00:05:5E,-131.47166442871094,-78.7641830444336,-109.6217269897461,0.8742018938064575,0.11770498752593994,-3.654966354370117,2268.0452547073364
D4:22:CD:00:05:5D,99.73101806640625,-54.9202880859375,-60.95161056518555,15.435508728027344,-10.323598861694336,-8.421405792236328,2268.0452547073364
D4:22:CD:00:05:6E,99.17626953125,15.093002319335938,-11.956323623657227,10.972209930419922,5.537924766540527,5.480792045593262,2268.075445652008
D4:22:CD:00:05:6B,-85.31802368164062,-11.562845230102539,-76.36576843261719,0.5182268619537354,2.5892958641052246,-2.579522132873535,2268.075445652008
D4:22:CD:00:49:AA,122.00410461425781,-83.37860107421875,-179.58506774902344,4.147952079772949,1.2022826671600342,-6.612759590148926,2268.075445652008
D4:22:CD:00:05:5E,-123.85408782958984,-76.30549621582031,-124.275390625,-2.900571823120117,-1.4322998523712158,-5.503608703613281,2268.075445652008
D4:22:CD:00:05:5D,98.45804595947266,-61.59662628173828,-55.579551696777344,27.909698486328125,11.563911437988281,5.979018211364746,2268.075445652008
D4:22:CD:00:05:6E,94.78887176513672,4.309957981109619,-5.781828880310059,1.2675385475158691,3.371063232421875,15.462003707885742,2268.105976343155
D4:22:CD:00:05:6B,-84.33226776123047,-10.573668479919434,-75.33768463134766,2.0398898124694824,2.5331854820251465,-0.6521673202514648,2268.105976343155
D4:22:CD:00:49:AA,120.33148956298828,-83.1504898071289,179.79876708984375,6.305017471313477,-0.7893669605255127,-6.676403999328613,2268.105976343155
D4:22:CD:00:05:5E,-123.25363159179688,-72.93972778320312,-131.47804260253906,-5.788871765136719,-4.224071502685547,-2.788949489593506,2268.105976343155
D4:22:CD:00:05:5D,106.5648193359375,-68.22896575927734,-69.94486999511719,0.34377408027648926,-16.269805908203125,-7.755782127380371,2268.105976343155
D4:22:CD:00:05:6E,62.943267822265625,-5.444849491119385,-3.237276792526245,-8.62759780883789,39.57386016845703,20.869983673095703,2268.1359553337097
D4:22:CD:00:05:6B,-80.69853210449219,-9.116409301757812,-73.90877532958984,1.9289696216583252,1.6561360359191895,-1.2316474914550781,2268.1359553337097
D4:22:CD:00:49:AA,123.67229461669922,-81.84563446044922,173.43814086914062,3.2955307960510254,-3.0854268074035645,-2.556765079498291,2268.1359553337097
D4:22:CD:00:05:5E,-125.23936462402344,-70.1264419555664,-134.2297821044922,-8.456571578979492,-4.405359268188477,-1.631246566772461,2268.1359553337097
D4:22:CD:00:05:5D,124.66023254394531,-74.69791412353516,-94.95075988769531,0.5003417730331421,-8.137275695800781,12.13087272644043,2268.1359553337097
D4:22:CD:00:05:6E,6.922418117523193,-10.496146202087402,-7.060214519500732,6.298986434936523,11.051578521728516,-40.991432189941406,2268.1664049625397
D4:22:CD:00:05:6B,-77.47675323486328,-7.5412983894348145,-72.25043487548828,2.174785614013672,-2.4676551818847656,0.26192665100097656,2268.1664049625397
D4:22:CD:00:49:AA,131.55404663085938,-80.3963851928711,163.07037353515625,-1.8166389465332031,-4.3590850830078125,2.562666893005371,2268.1664049625397
D4:22:CD:00:05:5E,-127.5826187133789,-67.71097564697266,-133.8186492919922,-2.2146778106689453,-2.885301113128662,4.556873321533203,2268.1664049625397
D4:22:CD:00:05:5D,149.5359649658203,-73.99870300292969,-118.75373840332031,-3.546163558959961,-4.038984298706055,3.075244903564453,2268.1664049625397
D4:22:CD:00:05:6E,-21.551998138427734,-11.69195556640625,-8.939481735229492,-6.922304153442383,-51.27386474609375,53.169410705566406,2268.1959352493286
D4:22:CD:00:05:6B,-74.54537200927734,-7.163566589355469,-70.59424591064453,2.6848912239074707,-6.603926658630371,-0.722661018371582,2268.1959352493286
D4:22:CD:00:49:AA,138.6752471923828,-78.63086700439453,154.8748779296875,-1.8402702808380127,-6.094986915588379,5.020473480224609,2268.1959352493286
D4:22:CD:00:05:5E,-127.76012420654297,-64.49007415771484,-132.81570434570312,-1.901118516921997,-7.271852493286133,9.745223999023438,2268.1959352493286
D4:22:CD:00:05:5D,167.6449432373047,-71.76068878173828,-135.43446350097656,7.2584686279296875,2.1232986450195312,-3.7871837615966797,2268.1959352493286
D4:22:CD:00:05:6E,-2.2241554260253906,-7.67136287689209,-5.209887981414795,8.949850082397461,0.4373289942741394,3.8707284927368164,2268.255935192108
D4:22:CD:00:05:6B,-69.97842407226562,-9.23643684387207,-69.80960083007812,1.4200551509857178,-5.745361328125,2.542562484741211,2268.255935192108
D4:22:CD:00:49:AA,139.1277313232422,-77.24593353271484,153.6742706298828,-6.924809455871582,-2.0856099128723145,1.2802295684814453,2268.255935192108
D4:22:CD:00:05:5E,-128.34390258789062,-60.836673736572266,-133.46998596191406,-7.75925350189209,-11.374300003051758,5.931064605712891,2268.255935192108
D4:22:CD:00:05:5D,178.93722534179688,-69.9116439819336,-146.4893341064453,3.375502109527588,-0.9663655757904053,0.903630256652832,2268.255935192108
D4:22:CD:00:05:6E,16.219152450561523,-4.768868446350098,-8.733932495117188,2.023916244506836,11.695882797241211,0.46973514556884766,2268.285603761673
D4:22:CD:00:05:6B,-63.41411209106445,-13.051122665405273,-70.24856567382812,-1.7348604202270508,-1.9989302158355713,0.25383472442626953,2268.285603761673
D4:22:CD:00:49:AA,138.09121704101562,-76.56385803222656,155.0222930908203,-5.232230186462402,-0.7530193328857422,1.5204200744628906,2268.285603761673
D4:22:CD:00:05:5E,-136.2771453857422,-54.31837844848633,-132.67044067382812,-9.219139099121094,12.979337692260742,12.347707748413086,2268.285603761673
D4:22:CD:00:05:5D,-175.10574340820312,-68.45115661621094,-150.03526306152344,0.5690081119537354,2.7044496536254883,3.3370819091796875,2268.285603761673
D4:22:CD:00:05:6E,30.653202056884766,-3.749282121658325,-16.738645553588867,-4.941893577575684,-3.773932456970215,-6.502197265625,2268.3156723976135
D4:22:CD:00:05:6B,-60.9429931640625,-16.00908851623535,-71.6823959350586,-5.674014091491699,0.6179172992706299,2.765984535217285,2268.3156723976135
D4:22:CD:00:49:AA,137.63697814941406,-76.72551727294922,155.55296325683594,2.0953474044799805,-1.2096216678619385,7.230001449584961,2268.3156723976135
D4:22:CD:00:05:5E,-150.2701416015625,-46.756736755371094,-131.70111083984375,-6.602950096130371,2.471710681915283,6.844625473022461,2268.3156723976135
D4:22:CD:00:05:5D,-173.4637908935547,-67.87604522705078,-149.6259307861328,1.5323550701141357,3.8059778213500977,0.9428768157958984,2268.3156723976135
D4:22:CD:00:05:6E,43.0527229309082,-7.590653896331787,-25.227310180664062,7.393562316894531,5.419415473937988,-2.4471073150634766,2268.345755338669
D4:22:CD:00:05:6B,-61.63307189941406,-16.817367553710938,-73.31370544433594,-6.77208137512207,1.3885605335235596,7.728654861450195,2268.345755338669
D4:22:CD:00:49:AA,133.4652099609375,-77.61861419677734,159.0036163330078,-2.5409083366394043,0.6175713539123535,4.386219024658203,2268.345755338669
D4:22:CD:00:05:5E,-156.64144897460938,-40.19719314575195,-131.20999145507812,-3.4897561073303223,-1.8388805389404297,1.2971391677856445,2268.345755338669
D4:22:CD:00:05:5D,-173.80068969726562,-68.64933013916016,-147.9989776611328,0.9699270725250244,3.7367329597473145,0.9956254959106445,2268.345755338669
D4:22:CD:00:05:6E,43.37067794799805,-11.6446533203125,-30.276708602905273,10.456298828125,-1.288578987121582,9.010299682617188,2268.376108646393
D4:22:CD:00:05:6B,-61.33660125732422,-15.229702949523926,-74.9851303100586,-5.174492835998535,1.6799254417419434,6.468915939331055,2268.376108646393
D4:22:CD:00:49:AA,128.47877502441406,-78.6121826171875,162.84469604492188,-3.157808303833008,-0.6914675235748291,2.5207901000976562,2268.376108646393
D4:22:CD:00:05:5E,-156.9543914794922,-35.907432556152344,-131.97695922851562,-0.24155178666114807,-2.668753147125244,-5.243945121765137,2268.376108646393
D4:22:CD:00:05:5D,-172.89169311523438,-70.34198760986328,-148.07199096679688,0.2768728733062744,3.5079798698425293,0.5326414108276367,2268.376108646393
D4:22:CD:00:05:6E,34.86640930175781,-12.396464347839355,-29.19474983215332,5.1790971755981445,-6.612370491027832,0.42581653594970703,2268.405848264694
D4:22:CD:00:05:6B,-60.88675308227539,-12.147130012512207,-76.12863159179688,-5.706727027893066,0.7798817157745361,3.1431074142456055,2268.405848264694
D4:22:CD:00:49:AA,124.8398666381836,-79.29302978515625,165.2341766357422,0.2012014389038086,0.02439107373356819,2.459667205810547,2268.405848264694
D4:22:CD:00:05:5E,-157.04022216796875,-34.4822883605957,-134.39173889160156,0.8589732646942139,-2.420193672180176,-8.46442985534668,2268.405848264694
D4:22:CD:00:05:5D,-169.5490264892578,-72.60353088378906,-150.79345703125,-0.23279476165771484,3.928867816925049,-0.05277252197265625,2268.405848264694
D4:22:CD:00:05:6E,33.42380905151367,-9.928018569946289,-23.89387321472168,3.8941192626953125,-5.430473327636719,-4.2908525466918945,2268.4359896183014
D4:22:CD:00:05:6B,-60.714378356933594,-9.005509376525879,-76.56206512451172,-4.491818428039551,0.11853909492492676,0.09123516082763672,2268.4359896183014
D4:22:CD:00:49:AA,120.0473403930664,-79.75028991699219,167.5723419189453,1.672490119934082,0.8916506767272949,-0.013573646545410156,2268.4359896183014
D4:22:CD:00:05:5E,-158.56976318359375,-36.5794677734375,-136.91079711914062,-1.8090765476226807,-3.362440586090088,-10.485519409179688,2268.4359896183014
D4:22:CD:00:05:5D,-163.1534881591797,-74.90123748779297,-157.19674682617188,0.08586853742599487,3.213860034942627,-0.06871414184570312,2268.4359896183014
D4:22:CD:00:05:6E,42.89299392700195,-5.730661869049072,-16.174049377441406,4.090897560119629,-3.3857626914978027,-11.503578186035156,2268.466138124466
D4:22:CD:00:05:6B,-60.360050201416016,-6.08259916305542,-76.67642211914062,-3.4020562171936035,-1.065704345703125,-2.364994525909424,2268.466138124466
D4:22:CD:00:49:AA,117.00135040283203,-79.73095703125,167.11598205566406,-0.5510895252227783,-1.284142017364502,-1.3442649841308594,2268.466138124466
D4:22:CD:00:05:5E,-160.61111450195312,-42.02948760986328,-137.71044921875,-1.5613024234771729,-4.553254127502441,-10.309402465820312,2268.466138124466
D4:22:CD:00:05:5D,-154.14137268066406,-76.79496002197266,-166.76806640625,0.769377589225769,0.6909871101379395,-0.40857887268066406,2268.466138124466
D4:22:CD:00:05:6E,67.1100082397461,-3.0828216075897217,-10.400771141052246,-0.8927731513977051,15.572700500488281,-16.57056427001953,2268.526260137558
D4:22:CD:00:05:6B,-59.83759307861328,-3.2969398498535156,-77.02143859863281,-2.8712081909179688,-1.3658771514892578,-4.77886962890625,2268.526260137558
D4:22:CD:00:49:AA,112.60665130615234,-79.47716522216797,168.2705535888672,-2.9331374168395996,-2.3316450119018555,-2.0224218368530273,2268.526260137558
D4:22:CD:00:05:5E,-161.04330444335938,-50.141845703125,-137.33660888671875,-2.5963382720947266,-4.198604583740234,-7.481266975402832,2268.526260137558
D4:22:CD:00:05:5D,-144.95263671875,-77.94854736328125,-175.9642333984375,0.9009525775909424,-0.8716757297515869,-0.3074464797973633,2268.526260137558
D4:22:CD:00:05:6E,94.932373046875,-3.131876230239868,-8.516536712646484,-5.417778968811035,14.171188354492188,-6.611834526062012,2268.5557556152344
D4:22:CD:00:05:6B,-60.001224517822266,-0.43846315145492554,-77.81793212890625,-2.2141852378845215,-1.1805601119995117,-6.70443058013916,2268.5557556152344
D4:22:CD:00:49:AA,105.41841888427734,-79.11902618408203,173.56463623046875,-2.861477851867676,-1.402231216430664,-4.583009719848633,2268.5557556152344
D4:22:CD:00:05:5E,-162.17919921875,-60.31639862060547,-136.0191192626953,-2.499051570892334,-1.6243982315063477,-5.773235321044922,2268.5557556152344
D4:22:CD:00:05:5D,-139.34454345703125,-77.90386962890625,177.51425170898438,0.7235791683197021,-2.2738356590270996,-1.3180665969848633,2268.5557556152344
D4:22:CD:00:05:6E,115.42465209960938,-5.130186557769775,-7.067602157592773,-4.4545135498046875,-2.371682643890381,10.208677291870117,2268.585448026657
D4:22:CD:00:05:6B,-61.580665588378906,2.5182888507843018,-78.98057556152344,-1.4005351066589355,-0.7032003402709961,-7.067098617553711,2268.585448026657
D4:22:CD:00:49:AA,99.71407318115234,-78.24639129638672,178.60084533691406,-0.6322945356369019,-1.4725592136383057,-6.124876976013184,2268.585448026657
D4:22:CD:00:05:5E,-166.16554260253906,-72.1036376953125,-131.7237091064453,0.7358685731887817,0.8036177158355713,-6.028013229370117,2268.585448026657
D4:22:CD:00:05:5D,-139.61471557617188,-75.81820678710938,174.07449340820312,1.4834277629852295,-2.7425122261047363,-1.291743278503418,2268.585448026657
D4:22:CD:00:05:6E,115.64183807373047,-7.863930702209473,-3.693667411804199,-4.422310829162598,-12.248847961425781,12.422464370727539,2268.615650653839
D4:22:CD:00:05:6B,-64.16018676757812,5.199672698974609,-80.2801513671875,-0.5140159130096436,0.00023633241653442383,-6.561821937561035,2268.615650653839
D4:22:CD:00:49:AA,97.19342041015625,-76.92791748046875,-179.47329711914062,1.1579196453094482,-1.2861642837524414,-4.751097679138184,2268.615650653839
D4:22:CD:00:05:5E,173.50491333007812,-83.9621353149414,-109.86026763916016,6.175165176391602,1.5102524757385254,-6.562042236328125,2268.615650653839
D4:22:CD:00:05:5D,-145.64700317382812,-71.99651336669922,173.00970458984375,-2.8161869049072266,-1.2879464626312256,-2.577094078063965,2268.615650653839
D4:22:CD:00:05:6E,97.51541900634766,-11.252795219421387,0.03956809639930725,-7.882463455200195,7.749353408813477,9.584129333496094,2268.6458411216736
D4:22:CD:00:05:6B,-67.3847885131836,7.277013301849365,-81.16413116455078,-0.12261161208152771,1.1929583549499512,-5.850996017456055,2268.6458411216736
D4:22:CD:00:49:AA,94.47187042236328,-75.67633819580078,-178.20901489257812,1.7954680919647217,-1.3134913444519043,-4.899438858032227,2268.6458411216736
D4:22:CD:00:05:5E,54.77627182006836,-83.49434661865234,12.78692626953125,15.932043075561523,11.93118667602539,-4.192071914672852,2268.6458411216736
D4:22:CD:00:05:5D,-154.16806030273438,-68.1704330444336,176.3649444580078,-6.560624122619629,13.522436141967773,-1.1006851196289062,2268.6458411216736
D4:22:CD:00:05:6E,65.69478607177734,-14.064956665039062,0.4082804322242737,-7.786491394042969,25.27899169921875,-8.736688613891602,2268.67635512352
D4:22:CD:00:05:6B,-71.34884643554688,8.894734382629395,-81.23664855957031,1.3154828548431396,2.092653751373291,-3.857379913330078,2268.67635512352
D4:22:CD:00:49:AA,89.59851837158203,-74.68750762939453,-175.93019104003906,1.8168907165527344,1.0320603847503662,-4.297619819641113,2268.67635512352
D4:22:CD:00:05:5E,35.97877502441406,-76.84744262695312,30.77123260498047,18.319656372070312,14.092218399047852,-6.819544792175293,2268.67635512352
D4:22:CD:00:05:5D,-157.97010803222656,-63.9754524230957,-178.23782348632812,2.763815402984619,1.913370132446289,0.18892669677734375,2268.67635512352
D4:22:CD:00:05:6E,20.020217895507812,-16.933555603027344,0.035592734813690186,8.652727127075195,-2.9262208938598633,-33.09632873535156,2268.705503463745
D4:22:CD:00:05:6B,-74.32166290283203,10.130403518676758,-80.91004180908203,0.8817535638809204,1.372938632965088,-0.5917701721191406,2268.705503463745
D4:22:CD:00:49:AA,84.09181213378906,-73.90010833740234,-172.7521514892578,-0.1484648883342743,1.9039738178253174,-0.48626041412353516,2268.705503463745
D4:22:CD:00:05:5E,32.477996826171875,-74.35845947265625,31.935270309448242,17.200523376464844,23.85394287109375,-10.641164779663086,2268.705503463745
D4:22:CD:00:05:5D,-161.91729736328125,-60.16692352294922,-175.73239135742188,0.717499852180481,2.2761921882629395,2.650294303894043,2268.705503463745
D4:22:CD:00:05:6E,-11.61518383026123,-16.69940948486328,1.9239449501037598,-3.3521647453308105,-32.400245666503906,16.06145477294922,2268.7356979846954
D4:22:CD:00:05:6B,-74.34766387939453,11.081731796264648,-80.30607604980469,-1.0266191959381104,-1.558948040008545,4.34036922454834,2268.7356979846954
D4:22:CD:00:49:AA,80.5589599609375,-73.28538513183594,-170.6288299560547,-4.300310134887695,-2.659242630004883,3.0948057174682617,2268.7356979846954
D4:22:CD:00:05:5E,28.178190231323242,-73.89340209960938,29.460723876953125,-37.616615295410156,-26.056034088134766,77.10310363769531,2268.7356979846954
D4:22:CD:00:05:5D,-164.63853454589844,-58.349945068359375,-173.57568359375,3.261422634124756,1.318964958190918,1.516317367553711,2268.7356979846954
D4:22:CD:00:05:6E,-7.509882926940918,-15.586997032165527,5.383815765380859,2.511500358581543,-5.6037445068359375,24.122943878173828,2268.7657146453857
D4:22:CD:00:05:6B,-73.34896087646484,11.591245651245117,-79.85624694824219,-0.40222132205963135,-4.021142959594727,6.070538520812988,2268.7657146453857
D4:22:CD:00:49:AA,89.70401763916016,-74.27735900878906,-177.83802795410156,-11.344955444335938,-4.883940696716309,6.272363662719727,2268.7657146453857
D4:22:CD:00:05:5E,35.44292068481445,-78.5550765991211,26.627342224121094,-3.1090264320373535,-5.797798156738281,8.552576065063477,2268.7657146453857
D4:22:CD:00:05:5D,-165.9208221435547,-57.81112289428711,-172.17649841308594,0.3924223780632019,4.778122901916504,0.7156782150268555,2268.7657146453857
D4:22:CD:00:05:6E,7.2850141525268555,-12.516748428344727,6.509504795074463,7.1652326583862305,13.824291229248047,11.422204971313477,2268.795634508133
D4:22:CD:00:05:6B,-74.39608001708984,11.820354461669922,-79.28870391845703,-0.37935590744018555,0.767786979675293,4.058070182800293,2268.795634508133
D4:22:CD:00:49:AA,87.04119873046875,-73.95333099365234,-172.21286010742188,3.3956165313720703,-0.47881782054901123,4.464916229248047,2268.795634508133
D4:22:CD:00:05:5E,36.648048400878906,-80.98664093017578,25.205738067626953,12.594463348388672,5.129218101501465,-3.852428913116455,2268.795634508133
D4:22:CD:00:05:5D,-165.68649291992188,-57.92829132080078,-172.6665802001953,0.9716007709503174,3.7277231216430664,1.0268306732177734,2268.795634508133
D4:22:CD:00:05:6E,16.515581130981445,-8.690608978271484,4.530938148498535,5.301687240600586,2.0394973754882812,6.354063034057617,2268.855637550354
D4:22:CD:00:05:6B,-75.09884643554688,11.74428939819336,-78.62501525878906,-1.2602477073669434,1.671041488647461,4.504213333129883,2268.855637550354
D4:22:CD:00:49:AA,88.62928009033203,-74.18215942382812,-174.1244659423828,5.681558609008789,4.730942726135254,7.052906036376953,2268.855637550354
D4:22:CD:00:05:5E,45.60574722290039,-85.00413513183594,15.552011489868164,9.84718132019043,13.234598159790039,3.6142749786376953,2268.855637550354
D4:22:CD:00:05:5D,-164.771240234375,-58.844818115234375,-174.05848693847656,1.6376500129699707,2.0920820236206055,1.0574865341186523,2268.855637550354
D4:22:CD:00:05:6E,23.40266227722168,-4.57327938079834,0.6138489246368408,5.013925552368164,-3.3618011474609375,5.683048248291016,2268.8862578868866
D4:22:CD:00:05:6B,-74.61680603027344,10.98594856262207,-78.06847381591797,-2.841886043548584,1.5307633876800537,3.8970165252685547,2268.8862578868866
D4:22:CD:00:49:AA,91.5286636352539,-74.83749389648438,-177.58889770507812,-4.666104316711426,0.521132230758667,3.01975154876709,2268.8862578868866
D4:22:CD:00:05:5E,135.072021484375,-86.5729751586914,-73.05461120605469,13.862058639526367,7.319112777709961,-4.3233747482299805,2268.8862578868866
D4:22:CD:00:05:5D,-163.63258361816406,-60.57561111450195,-175.7829132080078,1.3493156433105469,2.3419628143310547,1.030801773071289,2268.8862578868866
D4:22:CD:00:05:6E,32.00870132446289,-0.4440905749797821,-2.9732096195220947,2.0116090774536133,-4.345418930053711,3.0173158645629883,2268.915262699127
D4:22:CD:00:05:6B,-74.84020233154297,9.806028366088867,-77.69011688232422,-2.882047176361084,-0.3772451877593994,3.9485015869140625,2268.915262699127
D4:22:CD:00:49:AA,94.71519470214844,-75.35006713867188,-179.18556213378906,-3.186373710632324,1.01869535446167,4.089465141296387,2268.915262699127
D4:22:CD:00:05:5E,177.1036834716797,-79.53653717041016,-110.7625732421875,9.272842407226562,7.311822891235352,0.6205940246582031,2268.915262699127
D4:22:CD:00:05:5D,-161.95571899414062,-63.257659912109375,-177.79171752929688,1.4812769889831543,1.9341683387756348,0.6650466918945312,2268.915262699127
D4:22:CD:00:05:6E,42.305633544921875,2.8854000568389893,-5.358433723449707,-0.7023829221725464,-2.38614559173584,-1.8330740928649902,2268.945667028427
D4:22:CD:00:05:6B,-76.1872787475586,8.810468673706055,-77.62702178955078,-1.6926052570343018,-2.437053680419922,3.255335807800293,2268.945667028427
D4:22:CD:00:49:AA,98.85137939453125,-76.22563934326172,178.93389892578125,0.2982219457626343,-0.20774880051612854,2.261014938354492,2268.945667028427
D4:22:CD:00:05:5E,-172.87283325195312,-71.4300765991211,-118.93447875976562,6.95914363861084,2.642754077911377,-1.599313735961914,2268.945667028427
D4:22:CD:00:05:5D,-159.69520568847656,-66.60590362548828,179.49246215820312,1.113877296447754,2.2397069931030273,0.5473175048828125,2268.945667028427
D4:22:CD:00:05:6E,54.035858154296875,5.101431846618652,-6.630510330200195,-1.3454172611236572,1.8145477771759033,-5.405405044555664,2268.97585272789
D4:22:CD:00:05:6B,-77.02822875976562,7.991347789764404,-78.06224060058594,-1.4831082820892334,-1.4805521965026855,1.2076196670532227,2268.97585272789
D4:22:CD:00:49:AA,103.19793701171875,-77.13736724853516,176.00027465820312,-0.08726862072944641,-0.5134016275405884,0.012806892395019531,2268.97585272789
D4:22:CD:00:05:5E,-167.34922790527344,-63.59947204589844,-124.10581970214844,4.368830680847168,-0.2825683355331421,-5.057291030883789,2268.97585272789
D4:22:CD:00:05:5D,-156.13124084472656,-70.1169204711914,175.25218200683594,0.5017892122268677,1.7943012714385986,0.9621953964233398,2268.97585272789
D4:22:CD:00:05:6E,65.73530578613281,5.928454875946045,-7.1535515785217285,-1.2270081043243408,4.390227317810059,-7.319504737854004,2269.0055985450745
D4:22:CD:00:05:6B,-76.62699127197266,6.862795829772949,-78.6958999633789,-2.2060723304748535,-0.06430250406265259,-1.5047378540039062,2269.0055985450745
D4:22:CD:00:49:AA,107.37901306152344,-77.74766540527344,173.64401245117188,-1.506453514099121,-0.7709499597549438,-1.9308886528015137,2269.0055985450745
D4:22:CD:00:05:5E,-162.67613220214844,-56.729217529296875,-128.06748962402344,1.7105557918548584,-2.8177490234375,-8.45767593383789,2269.0055985450745
D4:22:CD:00:05:5D,-150.78126525878906,-73.30265808105469,169.07241821289062,-0.07314640283584595,1.5981817245483398,0.6774539947509766,2269.0055985450745
D4:22:CD:00:05:6E,76.36813354492188,5.094192028045654,-7.3845086097717285,-1.1801700592041016,3.33772611618042,-9.809492111206055,2269.0362005233765
D4:22:CD:00:05:6B,-75.94161987304688,5.4605536460876465,-78.96746063232422,-1.0834054946899414,-0.25904494524002075,-3.681980609893799,2269.0362005233765
D4:22:CD:00:49:AA,111.22235107421875,-77.9561996459961,171.89881896972656,-0.7105191946029663,-0.242253839969635,-3.5614676475524902,2269.0362005233765
D4:22:CD:00:05:5E,-158.5919952392578,-51.83327865600586,-130.87083435058594,-1.1544270515441895,-2.4920434951782227,-11.03731918334961,2269.0362005233765
D4:22:CD:00:05:5D,-145.6368408203125,-75.62944793701172,162.65321350097656,-2.2557497024536133,3.5291357040405273,-2.375523090362549,2269.0362005233765
D4:22:CD:00:05:6E,84.4714126586914,2.303276538848877,-7.186309337615967,-1.2493433952331543,4.036947250366211,-3.8447728157043457,2269.0658984184265
D4:22:CD:00:05:6B,-75.09033203125,4.188477516174316,-78.94832611083984,0.23134681582450867,-0.04879331588745117,-4.503832817077637,2269.0658984184265
D4:22:CD:00:49:AA,113.35823059082031,-77.83548736572266,170.90476989746094,-0.05432884395122528,-0.10145263373851776,-4.440666198730469,2269.0658984184265
D4:22:CD:00:05:5E,-153.7938995361328,-50.478546142578125,-132.08761596679688,-3.178321361541748,-1.105201005935669,-12.498893737792969,2269.0658984184265
D4:22:CD:00:05:5D,-143.0358428955078,-77.26347351074219,159.736572265625,-1.948523759841919,1.9984092712402344,-3.9503517150878906,2269.0658984184265
D4:22:CD:00:05:6E,80.12313079833984,-2.310328960418701,-6.115806579589844,-3.190891742706299,5.446910858154297,-3.3485360145568848,2269.125834465027
D4:22:CD:00:05:6B,-73.6671142578125,3.095442771911621,-78.77770233154297,-0.04689396917819977,0.43725651502609253,-5.752470970153809,2269.125834465027
D4:22:CD:00:49:AA,113.13875579833984,-77.60493469238281,171.6444549560547,-1.8644118309020996,-0.5537925958633423,-4.421526908874512,2269.125834465027
D4:22:CD:00:05:5E,-146.26646423339844,-53.37566375732422,-132.70657348632812,-6.378635406494141,-3.547264575958252,-11.711320877075195,2269.125834465027
D4:22:CD:00:05:5D,-145.03794860839844,-78.71172332763672,163.24960327148438,0.7544217109680176,-0.7950528860092163,-2.90275239944458,2269.125834465027
D4:22:CD:00:05:6E,62.81882095336914,-8.607099533081055,-5.844939708709717,-5.282997131347656,10.337310791015625,-10.009893417358398,2269.155833721161
D4:22:CD:00:05:6B,-73.52071380615234,2.422758102416992,-78.46043395996094,-0.7442212104797363,0.27926135063171387,-5.962526321411133,2269.155833721161
D4:22:CD:00:49:AA,110.9756851196289,-77.86872100830078,175.27627563476562,-4.160300254821777,-1.9970130920410156,-4.699069023132324,2269.155833721161
D4:22:CD:00:05:5E,-137.01333618164062,-59.44964599609375,-133.95040893554688,-10.05854606628418,-0.43133169412612915,0.875239372253418,2269.155833721161
D4:22:CD:00:05:5D,-151.56324768066406,-80.27912902832031,172.6343994140625,3.3025784492492676,-2.362532615661621,-2.6360878944396973,2269.155833721161
D4:22:CD:00:05:6E,35.80943298339844,-15.554137229919434,-7.133172035217285,4.701796531677246,6.1972551345825195,-4.482480049133301,2269.1853170394897
D4:22:CD:00:05:6B,-75.99996185302734,2.395705461502075,-78.22708892822266,-0.8957644701004028,-0.13346147537231445,-3.8427062034606934,2269.1853170394897
D4:22:CD:00:49:AA,110.67924499511719,-78.43401336669922,178.1008758544922,-3.199695587158203,-2.671658992767334,-4.269970893859863,2269.1853170394897
D4:22:CD:00:05:5E,-129.5078887939453,-66.38121795654297,-134.75033569335938,-11.897783279418945,6.691693305969238,11.022577285766602,2269.1853170394897
D4:22:CD:00:05:5D,-164.5991668701172,-81.18641662597656,-172.42440795898438,-2.330409526824951,-4.893533706665039,10.588552474975586,2269.1853170394897
D4:22:CD:00:05:6E,16.13202667236328,-17.831268310546875,-9.854513168334961,1.256791353225708,-36.91492462158203,21.508193969726562,2269.2154483795166
D4:22:CD:00:05:6B,-78.74270629882812,2.7079949378967285,-78.40766143798828,-0.2235563099384308,-0.6137194633483887,0.37497615814208984,2269.2154483795166
D4:22:CD:00:49:AA,110.98014831542969,-78.94758605957031,-179.41104125976562,-1.7254605293273926,-3.11265230178833,-2.6627721786499023,2269.2154483795166
D4:22:CD:00:05:5E,-132.03575134277344,-70.6512680053711,-128.41302490234375,-8.148630142211914,-1.975325584411621,14.363653182983398,2269.2154483795166
D4:22:CD:00:05:5D,172.4794158935547,-80.57852935791016,-149.05532836914062,1.3723068237304688,4.455205917358398,2.7682390213012695,2269.2154483795166
D4:22:CD:00:05:6E,31.270116806030273,-15.375809669494629,-13.600513458251953,1.3429193496704102,-10.680212020874023,3.270610809326172,2269.2456135749817
D4:22:CD:00:05:6B,-78.77850341796875,2.825127363204956,-78.99925231933594,-0.7267729043960571,-2.510822296142578,3.087214469909668,2269.2456135749817
D4:22:CD:00:49:AA,120.60319519042969,-79.05279541015625,173.274658203125,-1.5089216232299805,-4.726971626281738,5.244123458862305,2269.2456135749817
D4:22:CD:00:05:5E,-139.15127563476562,-72.17916870117188,-120.51264953613281,1.503467082977295,-21.257343292236328,3.2077159881591797,2269.2456135749817
D4:22:CD:00:05:5D,146.63150024414062,-79.29391479492188,-123.71688079833984,-0.6385147571563721,-2.3267922401428223,11.655672073364258,2269.2456135749817
D4:22:CD:00:05:6E,55.73637390136719,-11.998916625976562,-15.857683181762695,4.675756454467773,3.54561710357666,2.545259475708008,2269.275952577591
D4:22:CD:00:05:6B,-77.78003692626953,2.594780921936035,-79.5405502319336,-0.8431769609451294,-2.99818754196167,1.4079647064208984,2269.275952577591
D4:22:CD:00:49:AA,130.19371032714844,-79.09644317626953,165.6198272705078,4.130710601806641,-2.700498104095459,1.615382194519043,2269.275952577591
D4:22:CD:00:05:5E,-150.97715759277344,-72.66310119628906,-109.69810485839844,3.728086471557617,-1.4108998775482178,6.977272033691406,2269.275952577591
D4:22:CD:00:05:5D,125.83930969238281,-74.75582122802734,-101.62301635742188,1.0299019813537598,-5.480340003967285,9.819404602050781,2269.275952577591
D4:22:CD:00:05:6E,72.80264282226562,-9.190953254699707,-17.28070640563965,-3.209416389465332,2.5458483695983887,-1.837052822113037,2269.3061830997467
D4:22:CD:00:05:6B,-77.74411010742188,2.1684348583221436,-79.69932556152344,2.0678539276123047,-1.2753708362579346,1.140122413635254,2269.3061830997467
D4:22:CD:00:49:AA,137.9617156982422,-79.45978546142578,159.53489685058594,6.098819732666016,3.9776430130004883,-0.15855121612548828,2269.3061830997467
D4:22:CD:00:05:5E,-162.3230438232422,-72.1534194946289,-99.83687591552734,-0.017680153250694275,3.127776622772217,-1.3496513366699219,2269.3061830997467
D4:22:CD:00:05:5D,117.33435821533203,-68.57720184326172,-87.36371612548828,5.887754440307617,-2.0410079956054688,6.99591064453125,2269.3061830997467
D4:22:CD:00:05:6E,81.03311157226562,-11.439590454101562,-20.49062156677246,-7.983726501464844,2.277252674102783,2.4549522399902344,2269.3661806583405
D4:22:CD:00:05:6B,-76.47660827636719,1.2906410694122314,-79.52783966064453,2.0379371643066406,0.718024492263794,1.2852935791015625,2269.3661806583405
D4:22:CD:00:49:AA,143.5449981689453,-79.31647491455078,155.38380432128906,3.5118703842163086,3.263270854949951,2.4704580307006836,2269.3661806583405
D4:22:CD:00:05:5E,-171.5389862060547,-71.84024047851562,-90.83583068847656,2.562805652618408,-1.5011286735534668,4.295284271240234,2269.3661806583405
D4:22:CD:00:05:5D,122.8890380859375,-60.343936920166016,-79.83335876464844,17.321575164794922,-2.087110996246338,2.2612133026123047,2269.3661806583405
D4:22:CD:00:05:6E,69.43065643310547,-20.992733001708984,-23.878433227539062,1.6047229766845703,18.53183364868164,3.006075859069824,2269.3731920719147
D4:22:CD:00:05:6B,-74.94416046142578,-0.13646730780601501,-78.8847427368164,1.4406650066375732,2.275796890258789,1.3808507919311523,2269.3731920719147
D4:22:CD:00:49:AA,147.4669189453125,-79.39839172363281,153.34413146972656,0.26085299253463745,0.7302882671356201,4.330364227294922,2269.3731920719147
D4:22:CD:00:05:5E,-176.9875946044922,-71.35646057128906,-85.94898223876953,-2.423189640045166,0.7934753894805908,0.3491849899291992,2269.3731920719147
D4:22:CD:00:05:5D,136.18260192871094,-53.51457214355469,-77.82499694824219,8.32196044921875,5.226411819458008,3.040743827819824,2269.3731920719147
D4:22:CD:00:05:6E,38.54141616821289,-35.74453353881836,-24.056360244750977,7.826627731323242,12.395439147949219,-17.748016357421875,2269.3953745365143
D4:22:CD:00:05:6B,-74.51226806640625,-1.734480619430542,-77.97443389892578,2.018740653991699,2.7357635498046875,2.6155776977539062,2269.3953745365143
D4:22:CD:00:49:AA,142.67684936523438,-79.63935089111328,160.75396728515625,3.735477924346924,2.0670065879821777,5.158614158630371,2269.3953745365143
D4:22:CD:00:05:5E,-179.9501953125,-71.90706634521484,-84.327880859375,0.2806767225265503,1.1883673667907715,1.3355693817138672,2269.3953745365143
D4:22:CD:00:05:5D,143.9748992919922,-49.21037673950195,-78.70464324951172,4.049870491027832,2.615812301635742,-5.512869834899902,2269.3953745365143
D4:22:CD:00:05:6E,5.843563079833984,-47.68840789794922,-22.54404067993164,1.3201751708984375,-6.828062057495117,4.734363555908203,2269.455582380295
D4:22:CD:00:05:6B,-74.52577209472656,-2.877807378768921,-77.25737762451172,1.1902351379394531,0.31593549251556396,4.524483680725098,2269.455582380295
D4:22:CD:00:49:AA,134.0432891845703,-79.67787170410156,170.44581604003906,4.369019508361816,3.1770291328430176,1.2251091003417969,2269.455582380295
D4:22:CD:00:05:5E,178.364501953125,-73.17188262939453,-83.29401397705078,0.8832731246948242,0.9366923570632935,0.521061897277832,2269.455582380295
D4:22:CD:00:05:5D,148.51132202148438,-48.330528259277344,-80.06224822998047,-3.2279090881347656,-1.385751485824585,-11.770015716552734,2269.455582380295
D4:22:CD:00:05:6E,-4.337457180023193,-49.89509582519531,-22.64065933227539,-12.376501083374023,-0.46206629276275635,19.97138214111328,2269.4861419200897
D4:22:CD:00:05:6B,-74.3099365234375,-3.1882646083831787,-76.96732330322266,1.7307665348052979,-1.3981640338897705,3.6754226684570312,2269.4861419200897
D4:22:CD:00:49:AA,126.03723907470703,-79.30390167236328,178.35096740722656,1.31270170211792,2.5265402793884277,-0.694671630859375,2269.4861419200897
D4:22:CD:00:05:5E,176.411865234375,-74.49795532226562,-81.70451354980469,0.5328056812286377,0.5519243478775024,0.3492088317871094,2269.4861419200897
D4:22:CD:00:05:5D,150.9266357421875,-51.941856384277344,-83.3568115234375,-1.3863539695739746,-4.8713884353637695,-15.531063079833984,2269.4861419200897
D4:22:CD:00:05:6E,9.186227798461914,-44.612281799316406,-24.255844116210938,1.0932824611663818,1.6688923835754395,0.4590902328491211,2269.5154275894165
D4:22:CD:00:05:6B,-73.76371765136719,-3.015704870223999,-77.21892547607422,1.4636175632476807,-0.9267815351486206,0.5996484756469727,2269.5154275894165
D4:22:CD:00:49:AA,118.69778442382812,-78.65936279296875,-174.57876586914062,-0.6846228837966919,0.5256205797195435,-1.154770851135254,2269.5154275894165
D4:22:CD:00:05:5E,174.650390625,-75.6152114868164,-79.89315032958984,0.016629811376333237,0.06793050467967987,0.0765218734741211,2269.5154275894165
D4:22:CD:00:05:5D,157.14022827148438,-59.29412841796875,-90.07891082763672,0.09309627115726471,-6.172754287719727,-13.996047973632812,2269.5154275894165
D4:22:CD:00:05:6E,29.326261520385742,-36.280147552490234,-25.81450653076172,6.313838005065918,2.5011677742004395,-10.369300842285156,2269.5452885627747
D4:22:CD:00:05:6B,-73.43327331542969,-2.8133890628814697,-77.86275482177734,-0.08475354313850403,0.7632241249084473,-2.63883638381958,2269.5452885627747
D4:22:CD:00:49:AA,114.15705108642578,-78.44255065917969,-170.322509765625,0.4222962260246277,0.10855732858181,-2.837125778198242,2269.5452885627747
D4:22:CD:00:05:5E,171.83665466308594,-76.27024841308594,-76.14622497558594,-0.5243611335754395,-1.013291597366333,-0.12589740753173828,2269.5452885627747
D4:22:CD:00:05:5D,171.52342224121094,-68.4787826538086,-105.337890625,-2.3122940063476562,-5.534482002258301,-9.089118957519531,2269.5452885627747
D4:22:CD:00:05:6E,46.802650451660156,-25.87773895263672,-26.81104278564453,4.576152801513672,4.325664520263672,-14.051733016967773,2269.5757281780243
D4:22:CD:00:05:6B,-74.16261291503906,-2.5984766483306885,-78.56163787841797,-1.1263313293457031,1.5320782661437988,-4.762072563171387,2269.5757281780243
D4:22:CD:00:49:AA,109.73914337158203,-78.77217864990234,-166.2435302734375,1.3650903701782227,0.25327539443969727,-3.961205005645752,2269.5757281780243
D4:22:CD:00:05:5E,168.2587127685547,-76.0643081665039,-68.9431381225586,-0.09064745903015137,-1.3925080299377441,-0.820683479309082,2269.5757281780243
D4:22:CD:00:05:5D,-151.81484985351562,-75.76643371582031,-143.9495086669922,-5.993790626525879,-3.173274040222168,-4.17562198638916,2269.5757281780243
D4:22:CD:00:05:6E,64.93973541259766,-16.213777542114258,-26.442333221435547,-0.13782009482383728,2.2313408851623535,-22.303340911865234,2269.605249643326
D4:22:CD:00:05:6B,-77.25604248046875,-2.150585412979126,-79.24164581298828,-0.8030846118927002,1.6626839637756348,-6.127633094787598,2269.605249643326
D4:22:CD:00:49:AA,104.60784912109375,-79.57530212402344,-161.079345703125,0.5231436491012573,0.6799432039260864,-4.401532173156738,2269.605249643326
D4:22:CD:00:05:5E,166.74588012695312,-74.85517120361328,-62.117210388183594,1.5091850757598877,-0.21729102730751038,-1.6879196166992188,2269.605249643326
D4:22:CD:00:05:5D,-98.48015594482422,-73.07794952392578,157.51083374023438,-12.760278701782227,7.944127082824707,0.5661087036132812,2269.605249643326
D4:22:CD:00:05:6E,90.68353271484375,-10.846320152282715,-25.69625473022461,5.042448997497559,10.570169448852539,-12.876729965209961,2269.6354994773865
D4:22:CD:00:05:6B,-83.21832275390625,-1.2971997261047363,-80.08493041992188,-0.37012654542922974,2.44820499420166,-4.5218305587768555,2269.6354994773865
D4:22:CD:00:49:AA,99.72111511230469,-80.80709075927734,-155.80882263183594,1.146256923675537,0.9951093196868896,-4.550947189331055,2269.6354994773865
D4:22:CD:00:05:5E,167.19717407226562,-72.86866760253906,-59.292659759521484,5.6043901443481445,3.41475772857666,-2.607089042663574,2269.6354994773865
D4:22:CD:00:05:5D,-81.619873046875,-63.00718307495117,125.84268188476562,-14.530622482299805,24.777828216552734,-3.2565865516662598,2269.6354994773865
D4:22:CD:00:05:6E,102.69535064697266,-11.115814208984375,-25.10051727294922,4.256258964538574,1.1907727718353271,4.410086631774902,2269.66556596756
D4:22:CD:00:05:6B,-88.26512908935547,-0.4686792194843292,-80.79344177246094,1.9696738719940186,3.4030470848083496,-2.874708652496338,2269.66556596756
D4:22:CD:00:49:AA,92.1373062133789,-82.39506530761719,-147.76268005371094,2.7270498275756836,1.0184028148651123,-2.2857613563537598,2269.66556596756
D4:22:CD:00:05:5E,167.68820190429688,-70.19561004638672,-59.479957580566406,0.0807947963476181,-1.908651351928711,0.42774391174316406,2269.66556596756
D4:22:CD:00:05:5D,-86.65316772460938,-54.11711883544922,113.65167999267578,20.021785736083984,12.83987045288086,11.45665168762207,2269.66556596756
D4:22:CD:00:05:6E,93.00470733642578,-16.489416122436523,-25.32173728942871,1.855168342590332,5.247378349304199,4.097521781921387,2269.7257747650146
D4:22:CD:00:05:6B,-90.21766662597656,-0.19623345136642456,-81.04727172851562,2.5151658058166504,3.1807737350463867,-1.759969711303711,2269.7257747650146
D4:22:CD:00:49:AA,73.7348403930664,-83.54637145996094,-129.2901611328125,-0.7682477235794067,1.140303134918213,-1.6077842712402344,2269.7257747650146
D4:22:CD:00:05:5E,169.4834747314453,-66.70073699951172,-59.67360305786133,-1.576859474182129,-1.6006441116333008,-0.28709983825683594,2269.7257747650146
D4:22:CD:00:05:5D,-76.96533203125,-52.8957405090332,112.43380737304688,4.671415328979492,14.51508903503418,6.078522682189941,2269.7257747650146
D4:22:CD:00:05:6E,68.04633331298828,-22.648334503173828,-26.04428482055664,2.375377655029297,14.518539428710938,6.705678939819336,2269.7557721138
D4:22:CD:00:05:6B,-89.85765838623047,-0.7739437222480774,-80.9299087524414,0.8190939426422119,2.3839473724365234,1.5804357528686523,2269.7557721138
D4:22:CD:00:49:AA,54.05757522583008,-84.17559814453125,-108.95724487304688,1.873765468597412,-0.5688434839248657,-0.4701404571533203,2269.7557721138
D4:22:CD:00:05:5E,170.5806427001953,-63.30541229248047,-60.116634368896484,-1.4941816329956055,2.1422367095947266,0.7877979278564453,2269.7557721138
D4:22:CD:00:05:5D,-72.02229309082031,-56.589752197265625,113.82341766357422,-9.759618759155273,6.53470516204834,5.41457462310791,2269.7557721138
D4:22:CD:00:05:6E,31.394634246826172,-26.44687843322754,-24.708250045776367,1.8169164657592773,-8.439058303833008,-0.42925548553466797,2269.785585641861
D4:22:CD:00:05:6B,-89.4897689819336,-1.5390403270721436,-80.75093078613281,-1.4194941520690918,1.548570156097412,5.92523193359375,2269.785585641861
D4:22:CD:00:49:AA,59.38557815551758,-84.7913589477539,-115.43510437011719,8.879798889160156,-1.5883817672729492,5.312917709350586,2269.785585641861
D4:22:CD:00:05:5E,171.70755004882812,-61.07734298706055,-61.75056076049805,-1.7951748371124268,2.5314879417419434,1.8084125518798828,2269.785585641861
D4:22:CD:00:05:5D,-75.7605209350586,-60.61345672607422,117.31053924560547,-0.14434018731117249,8.178508758544922,9.204614639282227,2269.785585641861
D4:22:CD:00:05:6E,11.976064682006836,-25.986244201660156,-19.892837524414062,-21.404499053955078,-35.17194366455078,25.079757690429688,2269.8157176971436
D4:22:CD:00:05:6B,-90.49470520019531,-1.6983089447021484,-80.68331909179688,-0.06383812427520752,-1.0671391487121582,8.225852966308594,2269.8157176971436
D4:22:CD:00:49:AA,62.77683639526367,-84.99539184570312,-121.42901611328125,-1.7961575984954834,-0.995063066482544,5.682100296020508,2269.8157176971436
D4:22:CD:00:05:5E,172.72610473632812,-60.36217498779297,-63.50534439086914,2.7301597595214844,2.502342700958252,1.6777124404907227,2269.8157176971436
D4:22:CD:00:05:5D,-85.24960327148438,-65.1166000366211,125.73323822021484,-0.8346916437149048,16.78954315185547,2.634373664855957,2269.8157176971436
D4:22:CD:00:05:6E,27.7951717376709,-23.932329177856445,-17.00928497314453,-5.529511451721191,-7.341846466064453,12.357805252075195,2269.8458771705627
D4:22:CD:00:05:6B,-90.08123016357422,-1.5688105821609497,-80.43109893798828,2.465442657470703,-1.8997018337249756,7.482856750488281,2269.8458771705627
D4:22:CD:00:49:AA,68.12711334228516,-85.32278442382812,-127.1845474243164,-3.420933723449707,1.4109749794006348,4.517884254455566,2269.8458771705627
D4:22:CD:00:05:5E,172.6293182373047,-60.6530647277832,-63.372154235839844,2.261730670928955,2.7123732566833496,1.3922109603881836,2269.8458771705627
D4:22:CD:00:05:5D,-103.44190216064453,-69.77436065673828,142.13206481933594,-3.1270718574523926,12.536836624145508,0.47259044647216797,2269.8458771705627
D4:22:CD:00:05:6E,49.02458190917969,-19.767314910888672,-18.153398513793945,-4.500335693359375,8.83364486694336,13.061424255371094,2269.875881910324
D4:22:CD:00:05:6B,-86.99884033203125,-1.301831841468811,-79.86087799072266,0.9587651491165161,-0.621452808380127,4.561901092529297,2269.875881910324
D4:22:CD:00:49:AA,87.33732604980469,-85.13328552246094,-144.2666015625,0.2694796919822693,2.328777313232422,5.178691864013672,2269.875881910324
D4:22:CD:00:05:5E,171.68655395507812,-61.92076873779297,-61.68339157104492,1.0806949138641357,1.3578715324401855,1.6361351013183594,2269.875881910324
D4:22:CD:00:05:5D,-127.66686248779297,-73.05908203125,168.0815887451172,-3.54127836227417,6.739682197570801,-0.26311683654785156,2269.875881910324
